url_id,url
sprl_10824233,https://3466822.000webhostapp.com/
sprl_10528204,http://bokephuya12.duckdns.org/
sprl_10318870,http://groub18viralins.duckdns.org/
sprl_10032458,http://grup-18new.duckdns.org/
sprl_10955386,http://bokep-viral-terbaru-montok.duckdns.org/
sprl_10493228,http://clickini.duckdns.org/
sprl_10673964,http://cobraff11.duckdns.org/
sprl_10132578,http://eventpesgg.duckdns.org/
sprl_10519415,http://klaimff02isn.duckdns.org/
sprl_10667703,http://claimitemff134.duckdns.org/
sprl_10567588,https://rewards0104.weebly.com/
sprl_10022430,http://www.shopcontroller.net/wordpress/wp-content/upgrade/
sprl_10753563,https://sites.google.com/view/sharepoint-jam38292/
sprl_10468788,https://adre-sety-web-das.000webhostapp.com/
sprl_10748577,https://attcustomerralertservice2022.weebly.com/
sprl_10026930,https://attsdhjs.weebly.com/
sprl_10809316,https://bellmailingupjected457899079sbcmailingupjected45677899079was123.weebly.com/
sprl_10610105,https://7783892bellglobalm7783892atthjaiaoride.weebly.com/
sprl_10213626,https://attcustomernoticeadmincare2022.weebly.com/
sprl_10217153,https://552sbcproaddressmailing9145562bellglobalm223.weebly.com/
sprl_10635345,https://pengattnow.weebly.com/
sprl_10676378,https://verifikasi-akun02.weeblysite.com/
sprl_10185539,https://heartisvenice.wordpress.com/
sprl_10611686,http://claim-coin-pes-gratis2737.duckdns.org
sprl_10893625,http://codhashop-top-up-gmae-dll.duckdns.org
sprl_10167827,http://diamond-ffcodashop.duckdns.org
sprl_10797444,http://duniagame-dggratistopup.duckdns.org
sprl_10049282,https://sites.google.com/view/centre01/accueil
sprl_10142056,http://comp-acessil.000webhostapp.com
sprl_10935118,https://yahoopro-verificationsmaildomainservicejjf.weebly.com/
sprl_10476081,https://attonlineverification11.yolasite.com/
sprl_10420273,https://adn-dee-set-nkjee-opo-wes.000webhostapp.com/
sprl_10154016,https://officenail.weebly.com/
sprl_10900600,http://vid-viraltt-terba12.duckdns.org/
sprl_10496100,https://008x-vsgtbshy.000webhostapp.com/customer-services-pages.html
sprl_10118978,https://attsavepassword1.weebly.com/
sprl_10557089,http://freefireindo-crateid2022.duckdns.org/
sprl_10402754,http://topup-gratis-freefire-222222.duckdns.org/
sprl_10543200,https://verificationonlinemailghsdcvbqwtyghpkmw.weebly.com/
sprl_10908834,https://optusnetcomau7.weebly.com
sprl_10087109,https://zpndmwlaouz8al7ntcultivation.000webhostapp.com/mcz.html
sprl_10341640,https://czzjdyh.000webhostapp.com/applogin.html
sprl_10884512,https://coins8888-cashback.blogspot.com/
sprl_10502442,https://shopee-raya-voucher.blogspot.com/
sprl_10309882,https://accessauthorizedapps.netlify.app/
sprl_10649496,https://stingy-nonstop-server.glitch.me/#[email protected]
sprl_10617202,https://sites.google.com/view/damilosadde/home?authuser=7
sprl_10700093,https://forms.zohopublic.eu/lesliecraig/form/SIGNINYOURBTACCOUNTCORRECTLY/formperma/70mm3RebGlDBmpvZ93RLlNchNiItk8j4MXuZciXnKic
sprl_10439324,https://folder39903093-3yue76673h.firebaseapp.com/
sprl_10398156,https://zimbra-198ed.firebaseapp.com/
sprl_10429902,https://bt-webmail-7663.weeblysite.com/
sprl_10933624,https://cssogrdtedadyrealpasssb.firebaseapp.com/
sprl_10825647,https://voicenotetranscriptinhere.weebly.com/
sprl_10808156,https://bellsouthonlineverification2.yolasite.com/
sprl_10434711,https://gghjfj.weebly.com/
sprl_10736590,https://xfinittyyconnnect.weebly.com/
sprl_10246889,https://aolmailupgradingserver.weebly.com/
sprl_10961737,https://forms.zohopublic.eu/kinvow893/form/SIGNINYOURBTACCOUNTHERECORRECTLY/formperma/wEPXbVORXhX1qn-KBA0EdgdItd5KCba7od0Agp1_v5w
sprl_10936694,https://fvvf-102508.weeblysite.com/
sprl_10931163,https://jnd4eae4domround.yolasite.com/
sprl_10547314,https://poiuytrertuiiuytrewrtytrew.weebly.com/
sprl_10381695,http://klikk-disini.duckdns.org/free-fire/
sprl_10335276,https://77bhcr1ahuujrqkhwuydng4zbdh1qmidguactoq6519928construction6623.weebly.com/
sprl_10642861,https://accounts.google.com/ServiceLogin?passive=1209600&continue=https://sites.google.com/view/orangeclient2/fact458&followup=https://sites.google.com/view/orangeclient2/fact458
sprl_10229658,https://sites.google.com/view/orangeclient2/fact458
sprl_10375669,https://https-mail-ionos-business-mysuite.glitch.me/#[email protected]
sprl_10263319,https://https-email-ionos-business-myappusuite.glitch.me/?via=5UARPHLSJRTFRQUNPTJUGJTQKWCOF&dispatch=86240a57b3B170606c468AbC80Bc05468&id=545ab840a258A619514ba6CA2CB1a1#[email protected]
sprl_10654469,https://forms.zohopublic.com/lifemark7881/form/SIGNINYOURBTACCOUNTCORRECTLY/formperma/FcWfpGn_dIDpFBAy9_PMjb7TUh9-Xlrxm2DXGECe3x0
sprl_10772333,https://organic-woolen-drum.glitch.me/a.html
sprl_10823224,https://attmailgfedrternbqwjhkmbfgpktygfghtdm.weebly.com/
sprl_10631113,https://validtion-pp.000webhostapp.com/
sprl_10816276,https://nanakijayhomamakivijayho.000webhostapp.com/
sprl_10666153,https://maiolsystemaccountupdateonlineportal-loginscreen-noreply.weebly.com/
sprl_10543921,http://www.golostomsk.ru/wp-admin/images/adobe.sharepoint.com.axp/
sprl_10789470,http://office367.duckdns.org/
sprl_10416961,https://ubstransit.kg/wp-content/languages/adobe.sharepoint.coma.axp/
sprl_10164370,https://sharepointdocsecure.myportfolio.com/
sprl_10757147,https://aemnzecz.000webhostapp.com/pricez.html
sprl_10215831,https://ip-net.org/wordpress/walletconnect/index2.php
sprl_10944687,https://sc-shared-0utl00k-ost.firebaseapp.com/
sprl_10574022,https://api-2space-ap.firebaseapp.com/
sprl_10576999,https://polygonconnecttwallet.blogspot.com/
sprl_10222815,https://sites.google.com/view/bt-2022-user/home
sprl_10349681,https://sugar-delicate-nemophila.glitch.me/#[email protected]
sprl_10779881,https://https-mail-ionos-business-val.glitch.me/?via=SRYWYQJ4G1NOWTT54RZLTM5VKW64Y&dispatch=87BBb947679C280A2915CAaB3b681B8Bc&id=0a2b4bC0B8a20C716a1C027Aa1c729#[email protected]
sprl_10405776,https://btinternet-102597.weeblysite.com/
sprl_10414198,https://billbbtbpay.weebly.com/
sprl_10817655,https://mailboxgggggg.weeblysite.com/
sprl_10514425,https://btconnectttweb.weebly.com/
sprl_10982389,https://aolmmsdedsd.weebly.com/
sprl_10522712,https://forms.zohopublic.eu/brownhgbv144756786/form/LOGINYOURBTACCOUNTCORRECTLY/formperma/3cTeLJHbpAGgKnEgZLQWekWyRokBPCVUfqjc1rQCYnA
sprl_10735445,https://xxxbroadband.yolasite.com/
sprl_10874638,https://forms.zohopublic.com/anthonyswales1/form/SIGNINYOURBTACCOUNTCORRECTLY/formperma/ppAK_DlJZ0_Gv_vU2Dg-GoAJmfQUD3MtefGeqMNyDbI
sprl_10079698,https://be0mails0online0nets0logs-noetsings.weebly.com/
sprl_10898058,http://niijkn.atwebpages.com/
sprl_10720007,http://allineamps.000webhostapp.com
sprl_10552318,http://fihcoxsanew.atwebpages.com/cuenta.php
sprl_10389828,http://bper-accesso-disconosci.000webhostapp.com
sprl_10353827,http://dfdgfhgjghjuyrsafasfs.atwebpages.com/
sprl_10063361,https://poliyrtrtrtr.weebly.com/
sprl_10574228,https://att-online-verification25.yolasite.com/
sprl_10901125,https://ustaxcourt-gov.000webhostapp.com/
sprl_10720929,https://attcurrentlymailibox.square.site/
sprl_10675145,https://currentlyghg.weebly.com/
sprl_10558506,https://sdrillsmalsonlineservicesllos-ne0890.weebly.com/
sprl_10619029,http://actualizzbrou2.atwebpages.com/secureconfirm.html
sprl_10852068,http://configuracioneswordzzzzzzz.atwebpages.com/desk/index.html#
sprl_10572564,https://v3r1fy1ng-st3tm3nts.000webhostapp.com/customer-services-pages.html
sprl_10230995,https://position-exachange-naps.blogspot.com/
sprl_10899840,https://coinpayu-adres.blogspot.com/
sprl_10484871,https://wbgg0a.weeblysite.com/
sprl_10901948,https://forms.zohopublic.eu/gunlie702/form/SIGNINYOURBTACCOUNTHERECORRECTLY/formperma/0TF4wFjNpX1P6VrSU75cvuUw6OfyHixdenX3-RVgq4s
sprl_10956145,https://dfghgfddfghjhgfdfghjhg.weeblysite.com/
sprl_10169653,https://ghjtytytytyyuyuyuyryt.weeblysite.com/
sprl_10507048,https://perfectweb7.godaddysites.com/
sprl_10064545,https://01securebusinessbt-hub.weebly.com/
sprl_10053553,https://pdebss.wixsite.com/my-site
sprl_10821619,https://glitter-worried-nurse.glitch.me/
sprl_10970162,https://highfalutin-private-flight.glitch.me/
sprl_10855039,https://sites.google.com/view/gajiview/yahoo-com
sprl_10172901,https://atttloginvalkidateww.weebly.com/
sprl_10431231,https://aruba-pagamento.myftp.org/
sprl_10814209,https://yahoocomsing.weebly.com/
sprl_10416820,http://claimitem-2022.duckdns.org/
sprl_10060466,http://evenffoldggw.duckdns.org/
sprl_10421310,https://sites.google.com/view/dambt/home?authuser=6
sprl_10584524,https://sites.google.com/view/webmailbt23/home
sprl_10126853,https://btinternete.yolasite.com/
sprl_10704788,https://common-north-basil.glitch.me/
sprl_10629557,https://p0lygon-php.blogspot.com/
sprl_10902735,https://aollink67.weebly.com
sprl_10285103,https://attservice05.weebly.com/
sprl_10307653,https://attmailokf.weebly.com/
sprl_10313178,https://defaultsfaxmessage.weebly.com/
sprl_10464383,https://talktmtre89237323.weebly.com/
sprl_10737874,https://forms.zohopublic.eu/forbeselectroniics/form/SIGNINYOURBTACCOUNTHERECORRECTLY/formperma/pKH8ugS89mSPG_FbccbLv6Nd8wVWvZ0IIwwckn7IV9Q
sprl_10567779,https://attverifyonline.yolasite.com/
sprl_10368170,https://dkbbook.000webhostapp.com/onlinebook/error.html
sprl_10519190,https://michealjonathan940.wixsite.com/my-site
sprl_10809472,https://mailupgrade-noreplyportal-aspx.weebly.com/
sprl_10872958,https://gafyukekku.weebly.com/
sprl_10777650,https://trtrr5454546464455pront4554.weebly.com/
sprl_10474764,https://trans-ca-sh.000webhostapp.com/
sprl_10598332,https://pay-pal-referral-system.000webhostapp.com/
sprl_10695529,https://funked-analysis.000webhostapp.com/
sprl_10939561,https://seghrf.weebly.com/
sprl_10104860,https://meilwebm.firebaseapp.com/
sprl_10774595,http://restore-s.duckdns.org/wallet/
sprl_10594866,https://c0s-datastore-c1oudstore.firebaseapp.com/
sprl_10935337,https://kansasstateverificationportal.weebly.com/
sprl_10872806,https://office365icity.weebly.com/
sprl_10608715,https://casrcymsignintrmailuedonehttps3a2f2fmailyahoo.weebly.com/
sprl_10190545,https://zooskconnection.weebly.com/
sprl_10054811,https://ionnsoos-101.weebly.com/
sprl_10984175,https://felaberrychamp.weebly.com/
sprl_10350765,https://viewallclosingfiles1.weebly.com/
sprl_10491419,https://daumailsporty.weebly.com/
sprl_10204217,https://allllllllllllllll1.weebly.com/
sprl_10207297,http://virginmedia22.weebly.com/
sprl_10206943,https://microsoftoulooklogin.weebly.com/
sprl_10067541,https://forms.zohopublic.eu/naphoevia/form/SIGNINYOURBTACCOUNTHERECORRECTLY/formperma/aaiJrWrNkajtjVdgiMs0MsxN6wMCzboDfeGqkoeyeCc
sprl_10700461,https://forms.zohopublic.com/markhenry83883/form/SIGNINYOURBTACCOUNTCORRECTLY/formperma/8YPIY69HIxbqyBLs0o43zHfFc6fjjaiI_52Gu0oENU0
sprl_10345095,https://webmailgnfjgghghgghghg.weeblysite.com/
sprl_10079489,https://btinternet0000645.yolasite.com/
sprl_10122359,https://tyuiopuiolouijhjhgfgh.weeblysite.com/
sprl_10020985,https://seucrebusinessbillbtconnectuser.weebly.com/
sprl_10979446,https://aictz.000webhostapp.com/active.html
sprl_10679416,https://wondrous-semifreddo-11e94a.netlify.app/
sprl_10280024,https://sites.google.com/view/mallofuaq/halaman-muka
sprl_10402986,https://sites.google.com/view/n12-acessologinempresanet
sprl_10699841,http://grupodebases.atwebpages.com/
sprl_10711509,https://accounts.google.com/ServiceLogin?passive=1209600&continue=https://sites.google.com/view/france-banque/accueil&followup=https://sites.google.com/view/france-banque/accueil
sprl_10665420,https://sites.google.com/view/france-banque/accueil
sprl_10261091,https://xn--dpd-group-paiement-instantanne654-36c.weebly.com/enregistrement-dpd-group.html
sprl_10464965,https://adobe-secured-file.weebly.com/
sprl_10129557,https://attnetworkingterminationmailer.weebly.com/
sprl_10627624,https://xn--conta-atualiza-o-snb5e.weebly.com/
sprl_10668898,https://rogersmembercentre5.weebly.com/
sprl_10342786,https://online-banking-ee20d.firebaseapp.com/#/login
sprl_10790123,http://duckdnsonlinereoias.duckdns.org/
sprl_10930353,https://grandcorpsmaladeyouss.firebaseapp.com/
sprl_10893663,https://labanquepostaleconnexion.firebaseapp.com/
sprl_10389838,https://mainyahooserviceupgrade.weebly.com/
sprl_10795378,https://docs.google.com/forms/d/e/1FAIpQLSfGZFCqnmIcOZ_hsmdHmiZMVhmLr3Lk9kvc1vl2Uzt7WgMuZA/viewform
sprl_10594954,https://forms.zohopublic.eu/fit642/form/SIGNINYOURBTACCOUNTHERECORRECTLY/formperma/HQmSQOL3V5JxCNvw7OBVQoWoSgBb9fs5dz_6pZ4GhF0
sprl_10213877,https://forms.zohopublic.eu/maryjonea712/form/SIGNINYOURBTACOUNTHERECORRECTLY/formperma/j5eQNXzvKGH-tpODP-YmgXhQSyGT5nlZ67PsoYY6Hq8
sprl_10806035,https://forms.zohopublic.eu/weeegg/form/SIGNINYOURBTACCOUNTHERECORRECTLY/formperma/qYWiyhcOIrsWmVFqFE0NcVx2lg_WvUkkZaSIA98RmHY
sprl_10770937,https://accounts.google.com/ServiceLogin?passive=1209600&continue=https://sites.google.com/view/btuiytretyudfgjh/home&followup=https://sites.google.com/view/btuiytretyudfgjh/home
sprl_10240327,https://sites.google.com/view/btuiytretyudfgjh/home
sprl_10764683,https://btinfo-102671.weeblysite.com/
sprl_10901824,https://lizard-generated-son.glitch.me/934660.html
sprl_10428341,https://accesso-lugano.000webhostapp.com/
sprl_10235151,https://forms.zohopublic.eu/davidscole676/form/LOGINYOURBTACCOINTCORRECTLY/formperma/310p-Q0mDLlcVNpUhrGk9elMy2U5aqtZH2PwzkSGvMA
sprl_10454905,https://ceunta-liberbank-es.herokuapp.com/
sprl_10076797,https://vforhyjdk57u4503wrgsvd.weebly.com/
sprl_10520914,https://forms.zohopublic.com/nkdvjbdjbdjbdjbdd/form/SIGNINYOURBTACCOUNTCORRECTLY/formperma/C9VHBSmfLpJurSNOyNFdVe7n3717NgOcX05Oc_ZFeB0
sprl_10528885,https://forms.zohopublic.eu/carrwoodrow3/form/SIGNINYOURBTACCOUNTCORRECTLY/formperma/Kbowko5mpfRUs01eTpqTEvzscasjs4pwhhfedTNoRqY
sprl_10416704,https://mnhasouwercxvzmnvc.weebly.com/
sprl_10301375,https://lkdjfsld.weebly.com/
sprl_10983151,https://forms.zohopublic.com/vercoe/form/SIGNINYOURBTACCOUNTCORRECTLY/formperma/YuHgcu5MF0oU0QwRT_l9f9sR9SYnWhiShmbLTVsTrZM
sprl_10467513,https://sites.google.com/view/019businessusersbt782btsignin/secure-update-com
sprl_10211139,http://039948.mynameswebsite.com/
sprl_10740641,https://lrjouero3jriu3w0erokw.weebly.com/
sprl_10896013,https://bellsouth-online-verification30.yolasite.com/
sprl_10322070,https://m1cros0f7tbtconnect.weebly.com/
sprl_10273943,https://sites.google.com/view/12noreplybtuserconnect365offic/secure-bt-com
sprl_10568494,https://btytrewertyuiutre123.weebly.com/
sprl_10467526,https://forms.zohopublic.com/vheywood1/form/SIGNINYOURBTACCOUNTCORRECTLY/formperma/kWRJmSI3VFTTdg-1hNKDuMoMj7jImJhPY-o2rDdoCus
sprl_10815222,https://ewalletsend.yolasite.com
sprl_10303167,https://storied-licorice-5245c6.netlify.app/#[email protected]
sprl_10735067,https://forms.zohopublic.com/jdjjdjjdhdhgcdgdgh/form/SIGNINYOURBTACCOUNTCORRECTLY/formperma/7eCDMvktGaxAHp4_NINDpGakbwHayY8yKF5nLV2_ru8
sprl_10147945,https://forms.zohopublic.com/mdcampbell/form/SIGNINYOURBTACCOUNTCORRECTLY/formperma/2nfqSdool6GV0Nnkj9U0VOmbAuMX9LqfcZ7H9Cb3ytU
sprl_10277175,https://firebasestorage.googleapis.com/v0/b/bm0ccnnctitsh.appspot.com/o/index.html?alt=media&token=e627a181-86bb-4079-84b9-558e6c088cd5
sprl_10908048,https://firebasestorage.googleapis.com/v0/b/webmail-60d1d.appspot.com/o/webmail%2Fwebmail%2FWebmail.htm?alt=media&token=bb40aa8f-4776-4ce2-95ba-d30ec7c8893a
sprl_10957721,http://ficohsareactiveneworden.atwebpages.com/
sprl_10212485,http://seguryhtt.atwebpages.com/
sprl_10449473,http://serivicios-a-tu-manera-validar087965.atwebpages.com/
sprl_10174612,https://sign-in-att-mail.weebly.com/
sprl_10722308,https://btconnectmaillogindexdez.weebly.com/
sprl_10829887,https://c0nc3rnm3nt-pr0c33d1ng.000webhostapp.com/customer-services-pages.html
sprl_10966738,https://office365emailverification9.godaddysites.com/
sprl_10517759,https://godaddyprofessional.weebly.com/
sprl_10057622,https://secured-sharepoint-document.weebly.com/
sprl_10095617,https://uuuppppyahoo.weebly.com/
sprl_10532253,https://wesecuretogether.weebly.com/
sprl_10360450,https://ficohsahodurasuser.000webhostapp.com
sprl_10640128,https://calonmahjalini.000webhostapp.com/cmosts.html
sprl_10126772,https://attaccountclosuresetup.weebly.com/
sprl_10474604,https://safetyredirecteds.weebly.com/?attempt=safety_info_api_key_api
sprl_10234458,https://claims-giveaway-metamask.000webhostapp.com/asset/free/recelve/waIIet/colns/lmport/?id=67BRGB&url=-claims__wallets--
sprl_10456375,https://forms.zohopublic.eu/jw0141147/form/SIGNINYOURBTACCOUNTHERECORRECTLY/formperma/bivDzUIUotVuEI5A1b3bhXcgTGlq0tuunEmLRsXR2qU
sprl_10120758,https://forms.zohopublic.eu/lakessmith799/form/SIGNINYOURBTACCOUNTHERECORRECTLY/formperma/bqSjf3n-t2lb37vCU1QkA9N88EWN5AYMgMo6-0suxm0
sprl_10240784,https://sites.google.com/view/bt-users/secure-business-bt-com
sprl_10225469,https://lotofbtinternetbroadbandservice.weebly.com/
sprl_10330016,https://btsdfjjgfdsertyu34567uygfd4f.weebly.com/
sprl_10315445,https://docs.google.com/forms/d/e/1FAIpQLScIFaEtUknA0H2DrVeu7WErGVZjmNx14_3ipULuRMM9NEhIBA/viewform?usp=send_form
sprl_10554968,https://btinternet-webmailerflow.weeblysite.com/
sprl_10114786,https://forms.zohopublic.com/edward12mark729/form/SIGNINYOURBTACCOUNTCORRECTLY/formperma/5NCXvUXsdy3nC509lCC894iNY5gc6BTSqbiE27b3h4M
sprl_10221713,https://scuresbtsercvies.weebly.com/
sprl_10618755,https://jhgfgnmhgmjhgmh.weeblysite.com/
sprl_10476321,https://exipure-official1.blogspot.com/p/official-exipure.html
sprl_10854519,https://biharstarted.000webhostapp.com/
sprl_10954199,https://up-dating0555299.000webhostapp.com/
sprl_10401711,https://dferwfwf.weebly.com/
sprl_10462789,https://safetyredirecteds.weebly.com
sprl_10427868,https://accounts.google.com/ServiceLogin?passive=1209600&continue=https://sites.google.com/view/liquidafinan/in%25C3%25ADcio&followup=https://sites.google.com/view/liquidafinan/in%25C3%25ADcio
sprl_10188172,https://pr02t3ct0rs8h1p-43g1s.000webhostapp.com/customer-services-pages.html
sprl_10266722,https://mixip76181.wixsite.com/my-site
sprl_10448956,https://secteurappelsms.wixsite.com/memos
sprl_10297253,https://abv54.weebly.com/
sprl_10061748,https://sites.google.com/view/redirectmybank/home
sprl_10008134,https://pemulihan-akun-anda.wixsite.com/masuk/about-3
sprl_10549500,https://unblockfacebok.wixsite.com/facebook/masukkan-identitas-facebook
sprl_10360311,https://polygon-wallet0.blogspot.com/
sprl_10766543,https://docs.google.com/forms/d/e/1FAIpQLSffqNiXf29_NF9gn0T-w1d8mqGRy6Uqs1EXnE0BqSw5l4wYCw/viewform?usp=sf_link
sprl_10220165,http://app-n26-web.duckdns.org/otp/
sprl_10068590,https://forms.zohopublic.eu/kenethbrenda3/form/SIGNINYOURBTACCOUNTHERECORRECTLY/formperma/mrq3y2qMFDhWeVW5L8fKGra3KuxZNuEMlEz2emdPMVg
sprl_10148136,https://btinternet0000821.yolasite.com/
sprl_10631013,https://litebtinternetbroadbandservices.weebly.com/
sprl_10367034,https://forms.zohopublic.com/terrypaul82828/form/SIGNINYOURBTACCOUNTCORRECTLY/formperma/koiUSbgRdPUDpelOWWOriA79gOlVyno7N993d1PvBks
sprl_10704617,https://webmail-101687.weeblysite.com/
sprl_10837971,https://kjdjdjjeorgupdate.square.site/
sprl_10416422,https://central1-mie-utoronto-ca.weebly.com/
sprl_10614377,https://austinl33.github.io/
sprl_10617042,https://btc0000nneeec768t.weebly.com/
sprl_10255005,http://8986658oo655.atwebpages.com/
sprl_10817247,http://abh87dfgregis.atwebpages.com/
sprl_10107501,http://online-ficohsa.atwebpages.com/
sprl_10061813,https://firebasestorage.googleapis.com/v0/b/f2webmail.appspot.com/o/update%2Fwebmail%2FWebmail.htm?alt=media&token=93649aa1-a7c7-47e2-b391-988f4bbc28b2#
sprl_10651430,https://allineacontobper.000webhostapp.com/
sprl_10074742,https://dear-colorful-chickadee.glitch.me/954301.html
sprl_10236392,https://sites.google.com/view/n12-acessologinempresanet/
sprl_10555233,https://thetan-arena-acess.blogspot.com/
sprl_10557911,http://levluprangeoculsxsiniestre.atwebpages.com/
sprl_10729290,http://cbsduhcbusyvcyusvyu.atwebpages.com/
sprl_10521488,https://activationaccess.netlify.app/
sprl_10242342,https://yahoomail6.weebly.com/
sprl_10670223,https://3xp4ns10n-pr3c1nct.000webhostapp.com/customer-services-pages.html
sprl_10084994,https://mlcroosoft.000webhostapp.com/
sprl_10206938,https://peringatan-pembelokiran001.weeblysite.com/
sprl_10185589,http://codashop-gratis-bydwi.duckdns.org/
sprl_10120309,https://facebook-pemulihanakun.weeblysite.com/
sprl_10813136,https://facebook-verification-block-your-account.weeblysite.com/
sprl_10851716,https://btwebmailsmalitoh104134.weeblysite.com/
sprl_10572397,https://hgfhdsbvdsd.weebly.com/
sprl_10123651,https://sharingpointfilepdf.weebly.com/
sprl_10925241,https://pencegahan-akun-facebook.weebly.com/
sprl_10618395,https://offpricefashionty.weebly.com/
sprl_10920423,https://xfintyvouchernote.weebly.com/
sprl_10872030,https://photos-recent-viewonine.weebly.com/
sprl_10306584,https://8b8c6c6be358dc62f1717105e62f47c5.weebly.com/
sprl_10645176,https://juno-103848.weeblysite.com/
sprl_10549250,https://folder763789838s-suy7yuh37u3.firebaseapp.com/
sprl_10327995,https://respected-vigorous-cover.glitch.me/faith.html
sprl_10884069,https://ternisnyi.000webhostapp.com/cmosts.html
sprl_10622340,http://messagerieorange.godaddysites.com/
sprl_10213505,https://pdf-27e04.firebaseapp.com/
sprl_10086306,https://interbank-banca-movil-peru.firebaseapp.com/#/
sprl_10963324,https://peringatanverifikasifb0.weebly.com/verifikasi-akun.html
sprl_10379545,http://eventffgege.duckdns.org/
sprl_10080890,https://webmail-ionons-d.herokuapp.com/
sprl_10496680,https://sites.google.com/view/startupvnow/home
sprl_10304841,https://forms.zohopublic.com/crima9133/form/SIGNINYOURBTACCOUNTCORRECTLY/formperma/7Bjus7sjwHgGEe_6um2e4FobDJfNDjqTxfJRiIzCM1M
sprl_10254030,https://melted-ordinary-crowberry.glitch.me/vrfy.html
sprl_10095736,https://luluhypermarketsuae.blogspot.com/
sprl_10868471,https://forms.zohopublic.com/ivorygerena56248/form/SIGNINYOURBTACCOUNTCORRECTLY/formperma/2HFj3BTp7souam5rih3IGo4beFk76MeBMZaXSGyhUIU
sprl_10264216,https://ucad00000.000webhostapp.com/index.php
sprl_10851856,https://bstbtwbtksoebtcondlsbt.weebly.com/
sprl_10717924,https://accessowatec.weebly.com/
sprl_10546759,https://jbkgfyuftyfhgvhgd.weebly.com/
sprl_10273016,https://btisecureaccontservise.github.io/viewbills/load.html
sprl_10303030,https://btinternet0000282.yolasite.com/
sprl_10539339,https://3663secuurebusinessadmininservice.weebly.com/
sprl_10341893,https://reyj0whiyj0w.weebly.com/
sprl_10494579,https://s52524secureallusersbusinessconvo.weebly.com/
sprl_10870558,https://secure-management-o626random.ausfreightexpress.com.au/wix/?clean
sprl_10934784,https://bellsouth-online-verification24.yolasite.com/
sprl_10924571,https://fir-spangle-bonobo.glitch.me/?t=1
sprl_10892309,https://securedpointdeck.weebly.com/
sprl_10319985,https://qfgvbhguyvnjtrrer.weebly.com/
sprl_10812914,https://attonlineverificationmaildomainyahoowebs.weebly.com/
sprl_10664724,https://mailverificationmnkjftrqwgfagtymkjzvafqwy.weebly.com/
sprl_10787306,https://webmail-108364.weeblysite.com/
sprl_10993010,https://bscmsaphdksonjfuiwenndjkvwguywv.weebly.com/
sprl_10133451,https://facile-investigatio.000webhostapp.com/
sprl_10270735,https://dfghjhgffghjgfgh.weeblysite.com/
sprl_10427913,https://jdhsfbjnsdfhsguwfhuhiegfjbjfwubnoonkv.weebly.com/
sprl_10095456,https://actunsubmitaddissuesubmitshelps.weebly.com/
sprl_10595769,https://currentlyattyahoocommunicationupdate2022.weebly.com/
sprl_10602861,https://womncvxsauopmncnvm.weebly.com/
sprl_10678461,https://accounts.google.com/ServiceLogin?passive=1209600&continue=https://sites.google.com/view/apps-ob-securit/accueil&followup=https://sites.google.com/view/apps-ob-securit/accueil
sprl_10766226,https://sites.google.com/view/apks-ob-secureweb/accueil
sprl_10308997,https://teleionosplus.weebly.com/
sprl_10829724,https://bedecked-pleasant-gerbil.glitch.me/
sprl_10672112,http://web-deutshe-bank-seguridad-es.herokuapp.com
sprl_10105404,https://moreupdtesyhmalls.square.site/
sprl_10753315,http://fzcohsa003.atwebpages.com/
sprl_10091774,https://weconvenientlymanageyouranywhereanytime.000webhostapp.com/
sprl_10078801,https://additionalbenefits10.000webhostapp.com/
sprl_10139527,http://yyw.5790anew.duckdns.org
sprl_10710678,https://chrisvow.be/sharepoint-RD1-fresh/
sprl_10761406,https://nam12.safelinks.protection.outlook.com/?url=http%3A%2F%2Fficohsa-valida2022.atwebpages.com%2F&data=05%7C01%7C%7Ce43c4ec58d48423adfb108da27c687e6%7C84df9e7fe9f640afb435aaaaaaaaaaaa%7C1%7C0%7C637866030882688676%7CUnknown%7CTWFpbGZsb3d8eyJWIjoiMC4wLjAwMDAiLCJQIjoiV2luMzIiLCJBTiI6Ik1haWwiLCJXVCI6Mn0%3D%7C3000%7C%7C%7C&sdata=g3%2BoSAsKAQcxUQKxMMAKYk1nhbU2npD08VDh9deTy0M%3D&reserved=0
sprl_10164412,https://pemberitahuanpembl5.wixsite.com/facebok/login-terlebih-dahulu
sprl_10493253,https://east-notch-yam.glitch.me/Navyfedralcredituniion.html
sprl_10368379,https://subdued-transparent-plaster.glitch.me/mama.html
sprl_10148029,https://www.sharepointonline.com.se/
sprl_10262777,https://info-peringatan-resmii.weebly.com/
sprl_10898652,https://livewalletconnect.netlify.app/
sprl_10028473,https://serdmdeseccuifnossverif.yolasite.com/
sprl_10133453,https://blilllsbt.weebly.com/
sprl_10907703,https://fgfghnhmjhjhjhj.weeblysite.com/
sprl_10418594,https://mailoboiteds639.wixsite.com/my-site
sprl_10067369,https://xn--dpd-group-paiement-immdiat-789-wxc.weebly.com/enregistrement-dpd-group.html
sprl_10422230,http://cbfgexcbtbt.weeblysite.com/
sprl_10914390,https://wordpress-766348-2598078.cloudwaysapps.com/mail-login/
sprl_10791405,http://bokep-alok-202.duckdns.org/
sprl_10160768,http://pubggiveaway78.blogspot.com/
sprl_10356339,http://bgmi2022rewards.blogspot.com/
sprl_10372040,http://bgmiofflicialstore.blogspot.com/
sprl_10519176,https://instagram-concurso.netlify.app/
sprl_10575471,https://gmcvjcc.blogspot.com/p/bgmi-free_19.html?m=1
sprl_10261257,https://gmcvjcc.blogspot.com/
sprl_10748275,https://bgmiucfreeholi.blogspot.qa/
sprl_10809041,https://bgmimythicskinsforyou.blogspot.com/
sprl_10518552,https://opxlegend.blogspot.com/
sprl_10970881,https://bgmitornament812.blogspot.com/
sprl_10482401,https://battlegroundsmobileindiasuccessevent.blogspot.com/
sprl_10447085,https://bgmieventshopping.blogspot.com/
sprl_10979529,https://bgmifreeucandspin89.blogspot.com/?m=1
sprl_10775514,https://instagrammern.herokuapp.com/
sprl_10889604,https://www.wix.com/lphtml/parking?redirectedFor=verify-service-amazon.com
sprl_10009684,https://freemaxglacierxsuit.blogspot.com/
sprl_10666270,http://abangsukakrpo00.duckdns.org/
sprl_10550361,https://canary-classy-silver.glitch.me/
sprl_10291086,https://copper-swift-cornflower.glitch.me/
sprl_10336866,http://glittery-first-tune.glitch.me/
sprl_10804072,http://masuk-grup-simontok-crot9134.duckdns.org/
sprl_10506588,https://groupbookeep.duckdns.org/
sprl_10029942,https://jaksjs.blogspot.com/?m=1
sprl_10498222,http://thzambizz.duckdns.org/
sprl_10553594,https://bokepjandasangeviral.duckdns.org/
sprl_10408793,https://attverificationonline.yolasite.com/
sprl_10787297,http://freefireeoldd.duckdns.org/
sprl_10968662,https://bokep-viral-indo0191.duckdns.org/
sprl_10398255,https://bokep-viral-indo0191.duckdns.org/FZxhmcjssKedelvaUFWl6s0
sprl_10225668,https://simontok-grup-viral.duckdns.org/
sprl_10814401,https://vral-2022-com.duckdns.org/
sprl_10441541,https://vevrizon.weebly.com/
sprl_10478108,https://bgmibybrandeddevil0.blogspot.com/
sprl_10748267,https://bgmiholievent-xsuit.blogspot.com/?m=1
sprl_10753051,http://incubatorm-ff2022.duckdns.org/
sprl_10590393,https://grupdewasa18plus.duckdns.org/
sprl_10315444,http://bahan-coli-nikmat2022.duckdns.org/
sprl_10981347,http://whatsappchat-infoviral.duckdns.org/
sprl_10501971,https://aoldomainioasservice.weebly.com/
sprl_10847930,https://preciousgiftofbgmi.blogspot.com/
sprl_10934468,http://chatwhatsappviral-join.duckdns.org/
sprl_10002016,http://grub-bokep-video-viral.duckdns.org/
sprl_10547695,https://regular-tangible-reaction.glitch.me/
sprl_10704442,http://getfreex-suit.blogspot.com/
sprl_10512112,https://vcaller267.firebaseapp.com/
sprl_10245035,https://attedu.weebly.com/
sprl_10756582,https://perfildasfoto.000webhostapp.com/
sprl_10373498,https://wahusheee.000webhostapp.com/
sprl_10852110,https://its-uni-account.weebly.com/
sprl_10516561,https://pr0c33d1ng-1ncr34s3.000webhostapp.com/customer-services-pages.html
sprl_10283394,https://silahkan-verifikasi-akun-anda09.weeblysite.com/
sprl_10065169,https://nousnc.weebly.com/
sprl_10673424,https://menytriesi.000webhostapp.com/_business_login.html
sprl_10283863,https://btbroadbrand.github.io/home.bt.com-login-loginform/load.html
sprl_10961112,https://hgdwkdfjdjddhdgfsg.weebly.com/
sprl_10889517,https://forms.zohopublic.eu/foraptpar/form/SIGNINYOURBTACCOUNTHERECORRECTLY/formperma/nM0ZipkNlFvgUJnlbNZEVdlAFbniGo8zrOrpTdb0adE
sprl_10300831,https://forms.zohopublic.eu/hisden551/form/SIGNINYOURBTACCOUNTHERECORRECTLY/formperma/RI-RE0WkconzlQ8D6N-TC9VmGZJAeXCibCeZXyptGg4
sprl_10288108,https://update-bellsouth-verifications-site0.yolasite.com/
sprl_10234783,https://bfhffjjkvjknjcjneiniunubfuibfjc.weebly.com/
sprl_10234664,https://btinternet-newupdate.weeblysite.com/
sprl_10954565,https://forms.zohopublic.eu/helenmatt783893/form/SIGNINYOURBTACCOUNTCORRECTLY/formperma/4pXYrQq8Jx0qHVRDWaY8c-R-R0L2G-pK9hzwrkZLmIA
sprl_10532972,https://elemental-imminent-adjustment.glitch.me/#[email protected]
sprl_10944295,https://zimbracom.000webhostapp.com/
sprl_10473979,https://euw-league0flegends-eclipse-capsule2022.000webhostapp.com/
sprl_10277206,https://sites.google.com/view/mssft22/home
sprl_10367467,https://djhhjffhjfhjfh.weebly.com/
sprl_10357026,https://lobabibir55.000webhostapp.com/tampilan.html
sprl_10452854,https://firebasestorage.googleapis.com/v0/b/gankalimakwe.appspot.com/o/utoknowdojnhaw.html?alt=media&token=25ea2f0c-0302-4594-a8ae-97c76f60a911
sprl_10667536,http://tarry-goofy-philosophy.glitch.me/Onlineservices.html
sprl_10301709,http://gifted-tiny-request.glitch.me/NavyFederalCreditUnionOnline.html
sprl_10552354,http://coral-carnation-jelly.glitch.me/OnlineNFCU0MD.html
sprl_10621541,https://rogersonlineserver9.weebly.com/
sprl_10605178,https://secureaolmailbox11388.weebly.com/
sprl_10718608,https://messagerie-orange362.yolasite.com/
sprl_10532976,https://1mpr0v1ngp4p3s-r3qu3st3d.000webhostapp.com/customer-services-pages.html
sprl_10671193,http://freefireallfreeunclock2022.duckdns.org/
sprl_10331529,http://claim-newgaren5.duckdns.org/
sprl_10315089,https://forms.zohopublic.eu/icyrayfit/form/SIGNINYOURBTACCOUNTHERECORRECTLY/formperma/SzeugUW7psVH12WpspEy8SD4NgtuJWH4g4pj_6jKrAM
sprl_10319478,https://forms.zohopublic.eu/fanacesly/form/SIGNINYOURBTACCOUNTHERECORRECTLY/formperma/h8NNGWIIv-_IOyFtasOg1FWMRD8K8kF8EsciIX1NVK0
sprl_10488003,https://gfdfguyjdh.weebly.com/
sprl_10173308,https://btinternetydgfhh.weebly.com/
sprl_10957731,https://webmail-108067.weeblysite.com/
sprl_10987781,https://forms.zoho.eu/mucmddc993/form/SIGNINYOURBTACCOUNTCORRECTLY
sprl_10719577,https://forms.zohopublic.com/bugdad283/form/SIGNINYOURBTACCOUNTCORRECTLY/formperma/sGaPEdSzwCAvGGTzc6XcSM9Vp8BD-Ar6Gv5q-blaCXI
sprl_10294514,https://sites.google.com/view/btemailwebmailer/home
sprl_10665334,https://dxfpmolknhgetrx123.wixsite.com/my-site
sprl_10876701,https://twitterappsx.blogspot.com/
sprl_10101789,https://initialiization.000webhostapp.com/
sprl_10011438,https://rodrigidus.000webhostapp.com/cc/index.html
sprl_10006593,https://walletconnect-verify.netlify.app/
sprl_10639941,https://yangindanismanim.com/adobesharepoint/index.php
sprl_10113574,https://fascinated-picayune-cylinder.glitch.me/wtret35t4tewt4gr.html
sprl_10826541,https://office365testingpages.duckdns.org/
sprl_10114261,https://oiw.duckdns.org/treyofficexxscript/8888/Inv/
sprl_10356377,https://docs.google.com/forms/d/e/1FAIpQLSef742LtnxVOoGkLMl-BiUd5elZQ_xyGBJrwYil2ROCaXS5Ag/viewform
sprl_10841987,https://recoverphrase317.firebaseapp.com/
sprl_10849568,https://633sbcproaddressmailing9743892bellglobalm7783892atthjaiaoride.weebly.com/
sprl_10760652,http://510187350.swh.strato-hosting.eu/jam/office.sharepoint.365.com/oauth0:o81ueaj2-t1m4-r0v1-qaej-zwvmg0xbu8o6_62qo3dmrsyktpz9ax1ecngb5lv80uji4whf7mfrw3k6t9xou08pydvqjnhcia47l1e2bszg5grl84xoi9cj35fquwspkv0ea72bz1nydmh6t?data=YXNjQGtsLmM=
sprl_10366902,http://claim-daimond-freefire.duckdns.org/
sprl_10449250,http://event-ff-gratis-new.duckdns.org/
sprl_10218059,http://eventgratis-resmi-garena22.duckdns.org/
sprl_10974014,https://forms.zohopublic.eu/christopherdhwatson1/form/SIGNINYOURBTACCOUNTHERECORRECTLY/formperma/ZPlIlgHaXMmuqezkyv8E1-sDu6l9zyQvUvBme8mlKL4
sprl_10088292,https://forms.zohopublic.eu/terrymatt566/form/SIGNINYOURBTACCOUNTCORRECTLY/formperma/at9gYYbdwjGnlawdMO0bAR6TO16Sb1Xf__FiwCvOAno
sprl_10087415,https://edwardfreeman342s-website.yolasite.com/
sprl_10180543,https://webmail-101197.weeblysite.com/
sprl_10057659,https://client-orange9.yolasite.com/
sprl_10810516,https://dpd-group-instannee-ss-int.weebly.com/
sprl_10022564,https://forms.zohopublic.com.au/maaryjane1231/form/SIGNINYOURBTACCOUNTHERECORRECTLY/formperma/l6M1NmW3FLgvtUGRtdnFlja9Kd-kKId5l4BIYFFRpXQ
sprl_10199424,https://btinternetrrf.yolasite.com/
sprl_10971528,https://newwoeksite.000webhostapp.com/workzkb/
sprl_10290220,https://itbitebilt.weebly.com/
sprl_10977972,https://forms.zohopublic.eu/annettevaletino/form/SIGNINYOURBTACCOUNTCORRECTLY/formperma/FXH6k3ey4sfYRvzIzOde__PtC4iHrAhH5ig1t4PczS8
sprl_10754079,https://forms.zohopublic.com/nicolejason971/form/SIGNINYOURBTACCOUNTCORRECTLY/formperma/HYc26jq5lkZ-otZcZPXCI_Ug1HWLXOc1OcdLSB-EO40
sprl_10666356,https://admin-micr0s0ft-0ffice-365.square.site/
sprl_10957011,https://serveruhtbnat.weebly.com/
sprl_10282055,https://upgraddeaoll.weebly.com/
sprl_10932138,https://att976433.weebly.com/
sprl_10099470,http://lkjlkjkldsads6786.atwebpages.com/index2.html
sprl_10820282,https://secrfilefolder.weebly.com/
sprl_10050436,https://currently-attsecure.weebly.com/
sprl_10791047,https://onlineloginupdateaccountprotonmailcom1.weebly.com/
sprl_10067187,https://cggchhghcghcghghaol.weebly.com/
sprl_10063562,https://hype-acc-dati.000webhostapp.com
sprl_10224931,https://forms.zohopublic.eu/landsm803/form/SIGNINYOURBTACCOUNTFORVERIFICATION/formperma/HmILH6LJ_TwAetl86pkj3ZhfvROJDXE-nH4Yqpchv5E
sprl_10952077,https://securebusineessbt.weebly.com/
sprl_10661206,https://ssecurebtconnectusers.weebly.com/
sprl_10620937,https://attghsdhs.weebly.com/
sprl_10747820,http://janganmerah.duckdns.org/
sprl_10756390,https://dkjasoisa3298329821932nsansaoi32i32.weebly.com/
sprl_10933951,https://forms.zohopublic.com/wh7551/form/SIGNINYOURBTACCOUNTCORRECTLY/formperma/duIwDATBMjDDoFAj1EJ9XM4VJabrksATTGcMAc1VKRc
sprl_10057117,https://sites.google.com/view/orange-espace-client1/accueil
sprl_10577968,http://eventclaimgratis-2022.duckdns.org/
sprl_10413255,https://frefirehsjsk.duckdns.org/
sprl_10723095,http://freespingarena-gratis2022.duckdns.org/
sprl_10904295,http://claim-ff-2022-garena.duckdns.org/
sprl_10958270,http://khjmgfdsbgeneralgasvy.atwebpages.com
sprl_10775772,http://bgneral22312.atwebpages.com
sprl_10944546,https://attnewverification.weebly.com/
sprl_10531528,https://quicksettinalert.weebly.com/
sprl_10947932,http://soluttionbgeneralss0.atwebpages.com/
sprl_10083407,http://generalactive300txt.atwebpages.com
sprl_10715612,https://jworks-d3ef6.firebaseapp.com/
sprl_10353871,http://tuyaportaltransaccional233.atwebpages.com/
sprl_10515646,https://cancel626511-binance-com.firebaseapp.com/
sprl_10289621,https://r3c31v30n3-0urs3rv1c3.000webhostapp.com/customer-services-pages.html
sprl_10698425,https://attmailupdate23.weebly.com/
sprl_10378726,http://mlbbgiveawaysskinss.duckdns.org/
sprl_10270771,http://nonton-simontok-baru2022.duckdns.org/
sprl_10807132,http://pramuka-virall.duckdns.org/
sprl_10885972,http://videoviral552.duckdns.org/
sprl_10818334,http://chodashoppff.duckdns.org/
sprl_10458320,http://claim-free-iconic.duckdns.org/
sprl_10922452,http://claim-skingratisfreefire2022.duckdns.org/
sprl_10039204,http://bokep-smp-viral2.duckdns.org/
sprl_10406330,http://chipgratis33.duckdns.org/
sprl_10347925,https://cmacarequipa.000webhostapp.com/
sprl_10495887,https://confirmation-dbsandposb.herokuapp.com/index.html
sprl_10586464,https://https-web-ionos-emails-business.glitch.me/
sprl_10995072,https://bt-webmail-108849.weeblysite.com/
sprl_10174434,https://forms.zohopublic.com/randallwest35879/form/SIGNINYOURBTACCOUNTCORRECTLY/formperma/3t0i-f2JI9kRXoaxEhJvtJ7QYVXMczXyTPYGXdEHSd4
sprl_10565869,https://sbcglobalattupdate.weebly.com/
sprl_10270165,https://btinternetmails106977.weeblysite.com/
sprl_10961041,http://itemfreefiree2022.duckdns.org/
sprl_10335580,https://bellswmailsonlineserlogs-0mailssseejdyese.weebly.com/
sprl_10329804,http://seguridad-de-banco-general76634.atwebpages.com/validar-identidad.html
sprl_10766190,https://sites.google.com/view/online-zkb-2
sprl_10560240,https://alahle.000webhostapp.com/
sprl_10034840,https://reall-lerdahyper.duckdns.org/free-fire/
sprl_10923708,https://verizo5hi.weebly.com/
sprl_10818881,https://officebusiness365.weebly.com/sign-in-to-document.html
sprl_10529947,http://pilihanyangsukakepoin033.duckdns.org/
sprl_10278087,http://grubviral74vdnr.duckdns.org/
sprl_10304197,https://customeralertnotice2022.weebly.com/
sprl_10872339,http://claim-hadiahgarenad0s.duckdns.org/
sprl_10034431,https://btdfhgtbrkjh.weeblysite.com/
sprl_10105117,https://bt-invalid.herokuapp.com/
sprl_10318406,https://forms.zohopublic.com/ruthsharvey38/form/SIGNINYOURBTACCOUNTCORRECTLY/formperma/iZ6Ut0cxyvMKdZgg21Qt7hQPf_rxOA5Gpm62hGXwV5o
sprl_10224108,https://forms.zohopublic.eu/aidzipdr/form/SIGNINYOURBTACCOUNTHERECORRECTLY/formperma/2KbEvCPWR85ru1HFIpPZExIJwU753IQHd2tSwn2yc5s
sprl_10282494,https://forms.zohopublic.eu/walkerbrenda021/form/SIGNINYOURBTACCOUNTHERECORRECTLY/formperma/gByTW0-2S8NJMt8aMUWBM9_XykxOv6rDzyeKWWI_vSM
sprl_10859883,https://forms.zohopublic.eu/bigtie/form/SIGNINYOURBTACCOUNTHERECORRECTLY/formperma/oZ2YuKXmkeZRXLu8xQS4n5tQVRo-tS2mndEM9AHg_iM
sprl_10119168,https://cerulean-military-meal.glitch.me/index(17).html
sprl_10408991,https://assistenza-online2022.000webhostapp.com/
sprl_10393857,https://rjyzhrudfjkujdf.weebly.com/
sprl_10851549,http://eventspin-ffgratis.duckdns.org/
sprl_10448659,https://attdomainendservices.weebly.com/
sprl_10018195,http://klaim-codashop-terbaru0.duckdns.org
sprl_10318284,http://grupbokep-indo2022.duckdns.org
sprl_10899345,http://join-whatsaaplink.duckdns.org
sprl_10760415,http://klaimitemeventtfreefire-terbary2022.duckdns.org
sprl_10912809,https://forms.zohopublic.eu/shirleywatson/form/SIGNINYOURBTACCOUNTCORRECTLY/formperma/VlonduD_doyS0u2lTiweXnftK-ZuDQVS1GZ_Cpbq_Mk
sprl_10509538,https://forms.zoho.eu/armandb622/form/SIGNINYOURBTACCOUNTCORRECTLY
sprl_10816036,https://forms.zohopublic.eu/moosue2/form/SIGNINYOURBTACCOUNTCORRECTLY/formperma/DaLr43tbkjZjhHx7uVopfuMgeTdUBig2nUfrMS5gP94
sprl_10882762,http://kulgarbagihadiah.duckdns.org/
sprl_10903207,https://altayar7.000webhostapp.com/
sprl_10325458,https://sites.google.com/view/noticeservice2022
sprl_10542235,https://attgloball.weebly.com/
sprl_10915896,https://rewardsrm3k.weebly.com
sprl_10550899,https://sites.google.com/view/btwebmailww/home
sprl_10054531,https://forms.zohopublic.eu/kewest/form/SIGNINBTACCOUNTCORRECTLY/formperma/NA72is4XQidHTssjvHWisyfdpsi4o6Z-6HnHEd8vcso
sprl_10461772,https://forms.zohopublic.eu/joanjohn020/form/SIGNINYOURBTACCOUNTHERECORRECTLY/formperma/PuktOVd5uTeJEV6vxjuACOhTe3GEnUcNg4sU3wsZuhY
sprl_10282056,https://sites.google.com/view/lidl-bg22/bg?fbclid=IwAR3vyJU-DdAFNwfNA5HgYoTzwb0pJKBcFMwYDMyRixieNrMngx7GZKsmLOM
sprl_10490867,https://forms.zohopublic.eu/mifdon88/form/SIGNINYOURBTACCOUNTHERECORRECTLY/formperma/tBZ-4YXbhjY4yOPrEPqra3O5f40HMJKB-sn2IuaOLhg
sprl_10394745,https://forms.zohopublic.eu/jfati709/form/SIGNINYOURBTACCOUNTHERECORRECTLY/formperma/l6KL3qo4oqU8QYzcqGBXJlh4RcizRtDXGjMoNHFzL20
sprl_10372261,https://forms.zohopublic.eu/pamgalloway/form/SIGNINYOURBTACCOUNTCORRECTLY/formperma/S4q2TCJii3pYVqgctvSpjCQXuLHq8lrVSI1bq3pmSI8
sprl_10031520,https://forms.zoho.com/pattles066/form/SIGNINYOURBTACCOUNTCORRECTLY
sprl_10801241,https://forms.zohopublic.eu/tobimorf316/form/SIGNINYOURBTACCOUNTHERECORRECTLY/formperma/9OV_jpwIjk1jALIJAwi47xBl4iunpp-O-UfVfe4VWJs
sprl_10229000,https://forms.zohopublic.eu/drparmenter/form/SIGNINYOURBTACCOUNTCORRECTLY/formperma/gIP-8fqRfyVZEGpbnetLv0Npu762mKSauSXbhi20488
sprl_10727352,https://forms.zohopublic.eu/lindabrooks06/form/SIGNINYOURBTACCOUNTCORRECTLY/formperma/1RqRVhBSJ4mBs5y0o0PbyRm5RkipX-HoqsJTJNqohDM
sprl_10970285,https://britislhtelecommmunication.godaddysites.com/
sprl_10271543,https://webmail-109139.weeblysite.com/
sprl_10234504,https://btfghjhgghjkkk.weeblysite.com/
sprl_10218430,https://forms.zohopublic.eu/purkissladyacre/form/SIGNINYOURBTACCOUNTCORRECTLY/formperma/AgP3jQppQQLAtP0atF17Hd0Q2o68xk-xs3MLGS8fNL8
sprl_10165472,https://verificatioonsever12022.weebly.com/
sprl_10997660,https://6hu3u-r4uu9jr-4j994-colnoi.weebly.com/
sprl_10210587,https://rogersmembercentrejrd.weebly.com/
sprl_10862885,https://cyet778--33f93f-f3--f39939f3.weebly.com/
sprl_10265432,https://account01.duckdns.org/chase/
sprl_10210194,https://aruba-dominio.myftp.org/
sprl_10746200,https://bellsouthonlineverification4.yolasite.com/
sprl_10315227,http://viral18-17.duckdns.org
sprl_10057096,http://buruanmasukslotterbatas.duckdns.org
sprl_10007682,http://freefire-freee2.duckdns.org
sprl_10268437,http://grubwhatsapp-join.duckdns.org
sprl_10001744,http://c1s9tournament.duckdns.org
sprl_10401942,http://dominochip.duckdns.org
sprl_10335669,http://codashopfreeallgame-2536.duckdns.org
sprl_10507773,http://codagratisevent2022.duckdns.org/free-fire/
sprl_10105645,http://claim-paypl2022.duckdns.org/bb497ca0f1c4af8a576c661341d77da9/login.php?cmd=_account-details&session=9c20939bac9d21c30d4fe7aee05b1c3a&dispatch=aba440d5fd0f4a0aaf070ae2c7ee3f626b48d160
sprl_10086118,http://controlficohs01.atwebpages.com/
sprl_10973908,https://forms.zohopublic.com/gumazyirlany78/form/VALIDACION/formperma/o6aXBSBmPGQaeR-O6RSilDh75LUoZPGpHOvxkM_JtfM
sprl_10726353,https://crypto-scene.netlify.app
sprl_10350449,https://squareajeleorg.square.site/
sprl_10864292,http://koutagratisterbaru2022.duckdns.org/login.php
sprl_10777562,https://veraheil.de/wordpress/wp-includes/Requests/updt/
sprl_10735384,http://claim-garenafre8s.duckdns.org/
sprl_10233061,https://amankan-akun-facebook-anda-2022.weebly.com/
sprl_10948116,https://lovely-bony-surfboard.glitch.me/944340.html#[email protected]
sprl_10556225,https://hispeed-upcmail.weebly.com/
sprl_10905647,https://posftience-online.000webhostapp.com/online/
sprl_10792266,https://workaccountei.000webhostapp.com/kitt/
sprl_10530142,https://webmail-107558.weeblysite.com/
sprl_10852828,https://britishlltelecommunicatlons.godaddysites.com/
sprl_10038129,https://fghjkghjklhjklhj.weeblysite.com/
sprl_10134009,https://sites.google.com/view/securebtusers/businessbt
sprl_10655002,https://forms.zohopublic.eu/grahamdonaldson/form/LOGINYOURBTACCOUNTCORRECTLY/formperma/vm6Ty_KvumkOP8ubx-ecajgNXhInPiVaHCY727uKYT8
sprl_10027013,https://bt-internet6s-site.yolasite.com/
sprl_10350749,https://docs.google.com/forms/d/1aHGAQUULS9AbVoXjvwliQmkxc8y-du2uHsDYcUI14mw/viewform?edit_requested=true
sprl_10372110,https://updatemailbox.wixsite.com/my-site-1
sprl_10742497,https://sbcglobalonlineverification3.yolasite.com/
sprl_10978055,https://636rg3gu-f39u93-3f-3gf0g303-fv3.weebly.com/
sprl_10069478,https://fsdsfegrfhjtyjhrdfwdas.weebly.com/
sprl_10676730,https://jenniesmithstiga106.github.io/bts/load.html
sprl_10125227,https://74rsbtsvecure.weebly.com/
sprl_10669071,https://forms.zohopublic.eu/johbdan/form/SIGNINYOURBTACCOUNTHERECORRECTLY/formperma/EWizEIYwZGpspOBVUZDQkFvTuvVnZgLVICLfNMn-gJY
sprl_10715445,https://forms.zoho.com/traskray168/form/SIGNINYOURBTACCOUNTCORRECTLY1
sprl_10942606,https://common-woolen-printer.glitch.me/forstreet4567.html
sprl_10881608,https://sites.google.com/view/dshrkuoiuhgkjkjlkmjyhhfhj/bt
sprl_10297252,http://generalvalide000.atwebpages.com/
sprl_10483284,https://fortunate-guttural-echo.glitch.me/NavyFederalCreditUnionNFCU0MDVAWA.html
sprl_10929741,https://o3qdmshudjtlfxgf3.000webhostapp.com/
sprl_10497999,https://customernoticeadminattservice2022.weebly.com/
sprl_10557836,https://identifiez-vous736.yolasite.com/
sprl_10765193,https://messagerie-orange210.yolasite.com/
sprl_10322612,http://9874589.atwebpages.com/secureconfirm.html
sprl_10273157,https://yuuh8964.firebaseapp.com/
sprl_10678497,https://folder7878898383-30309398-8.firebaseapp.com/
sprl_10010592,https://read-shared-0utl00k-c.firebaseapp.com/
sprl_10898687,http://olanbuyerlagi.duckdns.org/
sprl_10964929,http://spindmlbb2022free.duckdns.org/
sprl_10850426,http://topup-freefire-gratis-222222.duckdns.org/
sprl_10265253,https://se-connecter-au-webmail-la-poste--lapostenet59.yolasite.com/
sprl_10442396,https://laposte-mail30.yolasite.com/
sprl_10843189,https://courriel-web---videotron.yolasite.com/
sprl_10480851,http://authenticserver.duckdns.org/XBALTI%20V3/
sprl_10710345,https://atservsmnmails-onetsilbsonlineser.weebly.com/
sprl_10920144,https://sites.google.com/glussdoor.com/dfskhsjsjk/home
sprl_10517337,http://anajkajahababah.duckdns.org/
sprl_10504422,https://marbled-hot-birch.glitch.me/NavyFederalCreditUnionNFCU0s.html
sprl_10780559,https://forms.zohopublic.eu/tobifati82/form/SIGNINYOURBTACCOUNTHERECORRECTLY/formperma/6NkYCh2UMQYCUmx42hltNgkUZuqCT57Gri1LngEydY8
sprl_10894396,https://forms.zohopublic.com/humphforeman/form/SIGNINYOURBTACCOUNTCORRECTLY/formperma/SqY86rnWlvGvaQUdyQvyBnNneM3Xs_gEXgFfXZvQcjE
sprl_10432667,https://forms.zohopublic.eu/valchapp/form/SIGNINYOURBTACCOUMTCORRECTLY/formperma/ZPa63hoOsuhMEMKLGjobqbjVt-jwFoPXAJREmJyZ-Hg
sprl_10546354,https://forms.zohopublic.eu/beverlycrawfordcrawford467/form/SIGNINYOURBTACCOUNTCORRECTLY/formperma/gxoJgK6PNYXLci6vmRTDbkh_yT5_TPUdiYExG8ZJhu8
sprl_10612137,http://event-ff-terbaru-23.duckdns.org
sprl_10094251,http://eventanniversaryff2022.duckdns.org
sprl_10651947,http://free-fire-claim-event784.duckdns.org
sprl_10056666,http://freeallgamecodashop2023.duckdns.org
sprl_10372960,http://grubokep198.duckdns.org
sprl_10557797,http://addpackkkkkkkd.duckdns.org
sprl_10791294,http://chat-whastsapp-bokep22.duckdns.org
sprl_10138919,http://claim-hadiah-pes.duckdns.org
sprl_10088289,http://codashop-diamond-gratis-terbaru-2023.duckdns.org
sprl_10183125,http://codashopeventgarenaff92.duckdns.org
sprl_10967935,https://claimskingg-2022.duckdns.org/
sprl_10644066,https://att-online-verification13.yolasite.com/
sprl_10617925,https://atatboxmail.weebly.com/
sprl_10138952,https://siwsscomwebly44ff.weebly.com/
sprl_10290250,https://aremexces.000webhostapp.com/scuresindite.html
sprl_10060376,https://maileraunthenticaton1.firebaseapp.com/
sprl_10371778,https://verifikasi-fb-security.weebly.com/
sprl_10223850,https://pemberitahuan-resmi.weebly.com/konfirmasi-ulang-identitas.html
sprl_10273342,https://domaimvalidatte53.firebaseapp.com/
sprl_10692932,https://verfikasiakunfacebook.weebly.com/
sprl_10928445,https://attmaildse.weebly.com/
sprl_10488903,http://mediafireviralygy.duckdns.org/
sprl_10968528,http://videofreepremium4f.duckdns.org/
sprl_10934200,http://joinwhatsapp871.duckdns.org/
sprl_10515623,http://gosok-puki-ku-yang-tembam.duckdns.org/
sprl_10312858,http://malaybaru.duckdns.org/
sprl_10750899,http://videoviralmantap.duckdns.org/
sprl_10447410,http://subaqua-tellers.000webhostapp.com/
sprl_10090640,http://panamagneralx.atwebpages.com
sprl_10274288,https://facebookverifikasi0.wixsite.com/peringatan/masuk
sprl_10116542,https://makavemailincoming271.firebaseapp.com/
sprl_10016459,https://fivu-8bb55.firebaseapp.com/
sprl_10068228,https://separate-far-trowel.glitch.me/
sprl_10958466,https://docs.google.com/forms/d/e/1FAIpQLSfdy4lqz9CxXC2z-9QLdM8aSXOiKRw5W_jb9d0IcIiyy_BpBQ/viewform?usp=pp_url
sprl_10815539,http://claim-eventgarena8s.duckdns.org/
sprl_10157736,https://forms.zohopublic.eu/eatpiesue/form/SIGNINYOURBTACCOUNTCORRECTLY/formperma/HUQ65nQ_EVwQnhj6U4gmRSiVvFh3jTn3hFLBLWx8SuY
sprl_10108943,https://btinternet-107708.weeblysite.com/
sprl_10204974,https://sites.google.com/view/dasbvmk/home
sprl_10817124,https://westefico.000webhostapp.com/
sprl_10025212,https://forms.zohopublic.com/mateodaniel989/form/SIGNINYOURBTACCOUNTCORRECTLY/formperma/CW16CJApH5v4IxjDwWu5AbCh-Yims7371fpWiJ4MAaU
sprl_10830530,https://forms.zohopublic.com/cts43/form/SIGNINYOURBTACCOUNTCORRECTLY/formperma/bu7iclS9bxAgmlQiPZuMxaaVxNvSnBEesTqxPG-mVlA
sprl_10005449,http://silent-wide-ketch.glitch.me/index.html
sprl_10282014,http://scythe-certain-boron.glitch.me/NavyFederalCreditUnion0.html
sprl_10286037,http://infrequent-noble-pig.glitch.me/NFCUVERIFY.html
sprl_10941041,http://wlbeal.duckdns.org/
sprl_10911956,https://wheat-changeable-cast.glitch.me/uv.html?/NAT_WEST_Customer.verification/error.html
sprl_10405480,http://uneven-brass-crystal.glitch.me/rrjr3sweet1ie0l4q.html
sprl_10604595,https://en-mailsrvr-mailpanel.firebaseapp.com/
sprl_10932530,https://svgpriv-4b219.firebaseapp.com/
sprl_10679004,https://aliensharepoint-c0ff5.web.app/
sprl_10659615,https://gtt944711799.wordpress.com/
sprl_10800921,https://strengthened-detailed-ship.glitch.me/indax.html#
sprl_10361582,https://sites.google.com/view/landbankredirect/home
sprl_10515104,https://onlinesaftyupdateloginprotonmail.weebly.com/
sprl_10311760,https://xn--dpd-group-enregistrement-instantanne-9gd.weebly.com/enregistrement-dpd-group.html
sprl_10673308,https://maxwellsupplies.000webhostapp.com/
sprl_10326478,https://holgreexepayallkiki.000webhostapp.com/
sprl_10712951,https://floccus-market.000webhostapp.com/
sprl_10680403,https://servicedomainhelpdesk.000webhostapp.com/
sprl_10114429,https://postmailsrvr-panel93vsrvr.firebaseapp.com/
sprl_10408961,https://q1jidyahq9ebz-i8qnp.firebaseapp.com/
sprl_10977908,https://r3c0v3ry-p4g34ut0m4t1c.000webhostapp.com/customer-services-pages.html
sprl_10077486,https://0urs3rv1c3-0rg4n1z3.000webhostapp.com/customer-services-pages.html
sprl_10712264,https://attmail49m.weebly.com/
sprl_10340676,https://nuevoservicioemnent.firebaseapp.com/
sprl_10764266,https://messagerie-vocale215.yolasite.com/
sprl_10172083,https://fibrermsportailnote.yolasite.com/
sprl_10602490,https://identifiez-vous-avec-votre-compte-orange164.yolasite.com/
sprl_10769442,https://le-site-web-de-messagerie-internet-o-range.yolasite.com/
sprl_10912348,https://oweb.yolasite.com/
sprl_10994246,https://pemulihan-akunfb-securityfb.weebly.com/
sprl_10243193,https://situs-facebook07.weeblysite.com/
sprl_10096902,https://form-confirm-data.wixsite.com/klikdisini/about-3
sprl_10582563,https://facebookperingatan81.wixsite.com/peringatan/log-in
sprl_10666144,https://layananverikasii.wixsite.com/verifikasi/masuk
sprl_10289043,https://mybtbroad.github.io/billingbills/load.html
sprl_10502021,https://btinternetfgnjn.weebly.com/
sprl_10969825,https://poetic-concha-ad80d2.netlify.app/
sprl_10480488,https://serene-froyo-eabd0f.netlify.app/qwuesd
sprl_10647394,https://sites.google.com/view/btsuporteamsup/home
sprl_10964971,https://btbroadbandteamsupportt.weebly.com/
sprl_10615056,https://attmailonlineauthentication.yolasite.com/
sprl_10119657,https://himsmailsattsonlin-009755netssight4670.weebly.com/
sprl_10191245,https://38733officebusiness365businessconnect.weebly.com/
sprl_10628381,https://kuirjherjperjh3ueri3jr3jo3r.weebly.com/
sprl_10232194,https://bfghghjkjkbt.weeblysite.com/
sprl_10224760,https://sites.google.com/view/98w72securebusinessbt-01/secure-update-com
sprl_10724953,https://forms.zohopublic.eu/rod527/form/SIGNINYOURBTACCOUNTHERECORRECTLY/formperma/sE1CiLN4k-4ng2BDOmvJrfGBu-rVREd1Z5WYYfTr6bk
sprl_10927122,https://huntingtonverify.duckdns.org/login.php
sprl_10306530,https://payment-1508888.000webhostapp.com/
sprl_10770551,https://forms.zohopublic.eu/lloydjoan/form/SIGNINYOURBTACCOUNTCORRECTLY/formperma/XuuY8rH4JrXdfdpQ6vMJh6aVdHICPcOCr9xgVfM04jM
sprl_10679512,https://forms.zohopublic.eu/mark12flex/form/SIGNINYOURBTACCOUNTCORRECTLY/formperma/arXqaXI2TH_TxK4xulKgpOCkJvXaALSrg7gPZK3srhY
sprl_10640359,https://forms.zohopublic.eu/jeffersonhibbs276/form/SIGNINYOURBTACCOUNTCORRECTLY/formperma/3R888EZY3Qg2Xtw1kuNRyK0Xk4KRRN3u4ycOEQeR-Ss
sprl_10437972,https://vdshvbdbvhdvbdvhbvsh.weebly.com/
sprl_10301828,https://cf8bgthr65ersdvawqwr23t4gth.weebly.com/
sprl_10667049,https://tttt5y6jmjhjygevdsrhetj6u.weebly.com/
sprl_10660447,https://jfpudoemfnriehggrrvhjkkyf.weebly.com/
sprl_10300228,https://simontok-wwwww.000webhostapp.com/login.php
sprl_10296295,https://forms.zohopublic.com/taf6uk/form/SIGNINYOURBTACCOUNTCORRECTLY/formperma/Otyo9qQaZsdLWwleh_IY7ZS0CwRM5qCsNtNggs_ceKU
sprl_10989219,https://sites.google.com/view/appli-obank-serv/accueil
sprl_10562346,http://confimeeeee010.atwebpages.com/
sprl_10490900,http://winnfico23oosha.atwebpages.com/
sprl_10652867,https://forms.zohopublic.eu/margaretmckinlay321/form/SIGNINYOURBTACCOUNTCORRECTLY/formperma/wYNuePjRJVcrc9I_YRgPEAqxaonyIw74TJGQ9e1_o8A
sprl_10415294,https://sites.google.com/view/mndirilivin-online/verifikasi
sprl_10540125,https://wgsmbluqla.duckdns.org
sprl_10948615,https://1mpr0v1ng02-p4tr0n4g3.000webhostapp.com/customer-services-pages.html
sprl_10551518,https://docs.google.com/forms/d/e/1FAIpQLSczswA80hLVnPKQiuaYjwbF8hA_rQZoV0iIz18iIXJAtmQk9g/viewform?usp=pp_url
sprl_10239860,https://davidgpalmer.co.uk/wordpress/sca/index1.php
sprl_10410865,https://thursadobe1.firebaseapp.com/
sprl_10747082,https://galicia.duckdns.org/sac/index2.php
sprl_10825826,http://70kyanz.duckdns.org/
sprl_10929282,https://cih7dc8a9cpxte3m1imb-gc5a4t7inpvz9m3hbog3-qr6gkzqbpyqmo2im4h1e.glitch.me/kZH206Pe2Mz8uiAFiCOR1p3JHN216Vzm0g5Yckqb-isRSv9z41X0DbTx3IAraEtdFiNptxiWmyZAEAg9A-3mTet7aygxJoiTbXLNWE7caROxI3VndYtydwQnWX-uKmOnIcHjfzL7RX3lRaMcZZQy2NUq4fbeK2cWn7j-s9e1i1TwdjF.html?$web_only=true&_branch_match_id=1049534331497364894&utm_medium=marketing&_branch_referrer=H4sIAAAAAAAAA8soKSkottLXL7fMNzHNM88zLisoNi/IyCjNMDfWSywo0MvJzMvWT9UPSXHNMg8sznApSAIAKlrdNzMAAAA=#[email protected]
sprl_10949446,https://silent-malachite-puma.glitch.me/939120.html#[email protected]
sprl_10088303,https://sites.google.com/view/9178-mandiri/login?authuser=0
sprl_10140666,https://bthomebtcombroadband.weebly.com/
sprl_10438323,https://ghgfhfdgdsgd.weebly.com/
sprl_10613181,https://sites.google.com/view/btbroadli/home
sprl_10887761,https://lopilkj.weebly.com/
sprl_10931998,https://forms.zohopublic.eu/coolermary573/form/SIGNINYOURBTACCOUNTHERECORRECTLY/formperma/CaxfTkXEMG6-s3FwUXH6qoIasW97G1X7gT-Fu9Av16Y
sprl_10684141,https://btinternet108091webmails.weeblysite.com/
sprl_10154715,https://bsegiookjggfghhdyukk.weebly.com/
sprl_10001709,https://dfghfrtyuytyughghj.weeblysite.com/
sprl_10104200,https://updateatt.wixsite.com/update-att
sprl_10509853,https://btinternet000332.yolasite.com/
sprl_10801315,https://webfacebok-eomtceaehga.weebly.com/
sprl_10621396,https://viewallourclosingdocs.weebly.com/
sprl_10043806,https://rogersmembercentretert.weebly.com/
sprl_10380619,https://from-verifikasi2022.weebly.com/
sprl_10203489,http://tutarjetaexito1.atwebpages.com/
sprl_10136189,http://sn-78326735237523752332.atwebpages.com/
sprl_10623053,http://ficohsa-archivo2022.atwebpages.com/
sprl_10702521,http://djdwdfie99fd.atwebpages.com/
sprl_10448145,https://yassange.000webhostapp.com/
sprl_10386269,https://euw-league0flegends-eclipse-capsule-2022.000webhostapp.com/
sprl_10116402,https://webmailsfrfr3.wixsite.com/my-site
sprl_10877353,https://a2th-verifc.duckdns.org/office/Sign-in/costumer54865465764887id=666/
sprl_10079366,http://grupofinancierosegu.atwebpages.com/
sprl_10931957,http://codashop-gratisdisini.duckdns.org/free-fire/
sprl_10632561,https://s4f3ty-r3port-p4ge.000webhostapp.com/index.php
sprl_10382786,http://claim-bundle9vnt.duckdns.org/
sprl_10308878,https://flannel-fluttering-aura.glitch.me/#Y
sprl_10174327,https://btmantance.weebly.com/
sprl_10827037,https://axiemarketplaceaxie.weebly.com/
sprl_10674637,https://1pfqavhzbmrtz0-h6wrjhcs6tt9fwphome.weebly.com/
sprl_10218235,https://politicesnet.weebly.com/
sprl_10912183,https://signinattat.weebly.com/
sprl_10477940,https://sheltered-eyrie-86320.herokuapp.com/index.php
sprl_10400186,https://rutd.duckdns.org/daquibci*email.nr/em.html
sprl_10510817,https://webmail-ionos-737.herokuapp.com/#[email protected]
sprl_10867035,https://elastic-steady-rule.glitch.me/
sprl_10437845,http://htmlifval.atwebpages.com/
sprl_10421476,https://attmailboxnotification.square.site/
sprl_10123825,https://bronzed-sunset-porpoise.glitch.me/
sprl_10700437,https://inv365pdf.weebly.com/
sprl_10690712,https://proteczinfgurrszz.000webhostapp.com/login.html
sprl_10758605,https://mkhukyy.000webhostapp.com/
sprl_10198785,https://inpouring-apron.000webhostapp.com/
sprl_10310695,https://intranetadvat.000webhostapp.com/
sprl_10126838,https://sharepointxszz.000webhostapp.com/
sprl_10466564,https://go2bankacc.godaddysites.com
sprl_10421825,http://v4lidg3n.atwebpages.com
sprl_10923690,https://css-yah.glitch.me/
sprl_10997191,https://zesty-cucurucho-1a2c11.netlify.app
sprl_10053776,https://relaxed-cucurucho-3fea7a.netlify.app
sprl_10919294,https://pemulihan-akun.wixsite.com/verify
sprl_10602497,https://layanan-pembatalan-pemblokiran-facebook22.weeblysite.com/
sprl_10461338,https://peringatanpostinganmelanggar2022.weebly.com/
sprl_10433872,https://pembatalanblokirakun.wixsite.com/fcebook/cek-1
sprl_10746314,https://pemblokiran0023.weebly.com/
sprl_10671614,https://my-site-silahkan-konfirmas-akun-anda088.weeblysite.com/
sprl_10307414,https://forms.zohopublic.eu/peterwoodford/form/SIGNINYOURBTACCOUNTCORRECTLY/formperma/laZ610AhW_ZLxiMYVmGuXW3EsDiUqDhDbvI-RIQY0B8
sprl_10410585,https://bavarianhaven1.firebaseapp.com/
sprl_10684730,https://business-bt-home.weebly.com/
sprl_10447103,https://postbank-bestsign.myftp.org/
sprl_10881195,https://forms.zohopublic.com/johnhayfintona/form/SIGNINYOURBTACCOUNTCORRECTLY/formperma/PdTYcKOVEoUe6IdzUwMWaBoSYWguin7Wk6mM4XO5PjU
sprl_10368015,https://button-factual-plate.glitch.me/a.html
sprl_10013176,https://firebasestorage.googleapis.com/v0/b/log1603gne.appspot.com/o/%5Clog1603g%2Findex2log.html?alt=media&token=4dbb165e-6576-4076-aee7-fa6ab28c0723#[email protected]
sprl_10194173,https://forms.zohopublic.eu/woopawfit/form/SIGNINYOURBTACCOUNTHERECORRECTLY/formperma/WSlV9MZQFJOrTPgNWa7jV6GM1mCD-n2iYb0cbrwc-c4
sprl_10557217,https://363f9u3-f39hf39-fi23002-2f3.weebly.com/
sprl_10691912,https://3737fh-838fu3-3f3uf9-3f03f0.weebly.com/
sprl_10002204,https://khalikmkamlafhadchidyaleksir.blogspot.com/
sprl_10486203,https://microsoftdyynamicoffice365login.weebly.com/
sprl_10688862,https://officeattmail.weebly.com/
sprl_10996863,https://viewderaieddetails.weebly.com/
sprl_10442426,https://atttteydyyf.weebly.com/
sprl_10287870,https://forms.zohopublic.eu/norbuysay123/form/SIGNINYOURBTACCOUNTHERECORRECTLY/formperma/KAv06_6JOUf0BKh2Zrtz974VtLapQoZ-HOMTX9B8o2w
sprl_10421061,https://sites.google.com/view/securite-app-obank/accueil
sprl_10837446,https://newspapernacion.000webhostapp.com/google.php
sprl_10214333,https://sites.google.com/newservices.website/service-reglement/
sprl_10330327,https://ing-seguridad-web-es.herokuapp.com/
sprl_10180771,https://gfdsfrdrattonline2022.square.site/
sprl_10873072,https://sophisticated-cool-citrine.glitch.me/
sprl_10876302,https://juniper-tender-bagel.glitch.me/34%2565%2589%2512.html#
sprl_10406856,https://servicoweb.weebly.com
sprl_10629305,https://551167792bellglobalm9873692atthjaiaoridettabeells.weebly.com/
sprl_10341032,https://lkjsjsds.weebly.com/
sprl_10941662,https://bellsouthonlineverifyverify.yolasite.com/
sprl_10614860,http://roberttuya.atwebpages.com/
sprl_10678584,https://webhostingserviceo95.firebaseapp.com/
sprl_10691656,https://al-push-mmssms.firebaseapp.com/
sprl_10186541,https://folder838998933-38989eij33.firebaseapp.com/
sprl_10980003,https://ixxvoc.firebaseapp.com/
sprl_10897423,https://docs.google.com/forms/d/e/1FAIpQLSdPlFokrnpMRpcRKjrxtVB7hV0NYZFoCaUdzKgZrfTfBuMAiw/viewform
sprl_10220605,https://attcustomerserviceupate.weebly.com/
sprl_10787141,https://chasecs1915.firebaseapp.com/
sprl_10844384,https://optusnncsndc.weebly.com/
sprl_10519306,https://sites.google.com/view/securenoticepage2022
sprl_10424709,https://nhffw.000webhostapp.com/cmosts.html
sprl_10957671,https://facebook-pemulihan2022.weeblysite.com/
sprl_10435248,https://real-asli-diamond.duckdns.org/
sprl_10672982,https://real-codashop-gratis.duckdns.org/free-fire/
sprl_10506656,https://webmail-ionos-d345.herokuapp.com/
sprl_10029851,https://https-mail-ionos-com-appsuite-app.glitch.me/?via=M1PH0XOKNKHK67B6RW4GBF3SN7OL8&dispatch=c8609325C43Ba18Ca6a0C5081BAC3B60b&id=6A72c034bc22bb954c94433A747494#[email protected]
sprl_10348265,https://https-mail-ionos-com--appsuite-app.glitch.me/?via=GC7K3SWRSGJKLIGYNSHMBKZVVSVRR&dispatch=c5C50502c12036cCa52a9a122Ba1b3113&id=6abB429c02A7B7568456ca87aAb5a6#[email protected]
sprl_10639777,https://forms.zohopublic.eu/sewlaxgay/form/SIGNINYOURBTACCOUNTHERECORRECTLY/formperma/YXOCSPCdjCMw1WCq2nasFs_D_olcuXm4XJdj6Y5r800
sprl_10034746,https://forms.zohopublic.eu/badmussodiq492/form/SIGNINYOURBTACCOUNTCORRECTLY/formperma/ysEfDbmbiszxK_BhC3E8q_dzZjWsGNi18RSsYuZe3mo
sprl_10200099,https://forms.zohopublic.com/jacolin2/form/SIGNINYOURBTACCOUNTCORRECTLY/formperma/jT_ZkNUg0xBbBYPCBsCof6C2yfDV69CS0GfHFA7eDf4
sprl_10402939,https://forms.zohopublic.com/fellera792/form/SIGNINYOURBTACCOUNTCORRECTLY/formperma/JsyoFuI6IriSutGhkJS74NbgxInUek5ncF7wkQ1Srjc
sprl_10989815,https://readybillsyt.weebly.com/
sprl_10656212,https://broadbandbsills.github.io/band/load.html
sprl_10232553,https://forms.zohopublic.eu/james12john129/form/SIGNINYOURBTACCOUNTCORRECTLY/formperma/2rYAqW6sDfluxlO-pLhvgqO0WB9398scSX4qiEaZixc
sprl_10207993,https://ssaviin3.wixsite.com/my-site
sprl_10365078,https://bellsouth-online-verification27.yolasite.com/
sprl_10454495,https://cefrgey6us4gth65rtfg.weebly.com/
sprl_10960269,https://btopenvvorldlfibre.weebly.com/
sprl_10879010,https://webmail-107758.weeblysite.com/
sprl_10959036,https://bttodayupdate.weeblysite.com/
sprl_10526920,https://securewywtfrsbusinessconnectejebt.weebly.com/
sprl_10682060,https://jfjfjlksroi.weebly.com/
sprl_10222350,https://xxxxxbroadband.yolasite.com/
sprl_10322198,https://dzsfidgtesr69ystidsew.weebly.com/
sprl_10291159,https://outlookoffice5627.weebly.com/
sprl_10328386,https://850573hvkvfvb.weebly.com/
sprl_10539224,https://sdkgbfhntjudorpts.weebly.com/
sprl_10640478,https://btinternets-site0.yolasite.com/
sprl_10316922,https://478294intercomintnt.weebly.com/
sprl_10962097,https://aoooooooooooollllll1.weebly.com/
sprl_10478958,https://forms.zohopublic.eu/1markpeter729/form/SIGNINYOURBTACCOUNTCORRECTLY/formperma/eqoOHtHJko5sOB3gQ2i6FUxomYxSd6-WejrTw8QFSxY
sprl_10337539,https://ji00-gunnuts00attonlineservicerslogss.weebly.com/
sprl_10559214,https://bc73yf39-fj393o-f33mainn-f399.weebly.com/
sprl_10106424,https://883c-ttt84830-3uf93j0-f3og3r3r.weebly.com/
sprl_10317247,https://783fuuhf-f3uh3fi-f39f9-f3j9o3xyz.weebly.com/
sprl_10370322,http://seguirlospasos3719.atwebpages.com/
sprl_10755942,http://grupoexito55.atwebpages.com/
sprl_10422310,https://yahoopro-verificationsmaildomainservicejjfi.weebly.com/
sprl_10170963,https://sites.google.com/view/yahookwhjf/home
sprl_10715045,http://newmaillssserves.square.site/
sprl_10657059,https://xcdslfkjgrtret4iorw3esgfu.weebly.com/
sprl_10316382,https://webmailorangelogin.yolasite.com/
sprl_10104234,https://contruireunnouveaumonde.yolasite.com/
sprl_10511478,https://docs.google.com/forms/d/e/1FAIpQLSdvdfpzhS8sgba95mP8bW0_c8tvhfVbjsL0Lqp_svH-ZB-ZmA/viewform
sprl_10615454,https://ficohsa-honduras.000webhostapp.com/
sprl_10368774,https://lemon-general-cotton.glitch.me/fle.html
sprl_10640567,http://personalopengeneral.atwebpages.com
sprl_10256459,https://syncauthenticate.netlify.app/
sprl_10802599,https://dpd-group-enregistrement-243.weebly.com/enregistrement-dpd-group.html
sprl_10517427,https://khcgkcgkjcklc.weebly.com/
sprl_10061791,https://yaf4j9ff.yolasite.com/
sprl_10449201,https://peringatan-fb01.weebly.com/
sprl_10712675,http://hjbbadhbadhnbnficosa678.atwebpages.com/
sprl_10617086,http://archiv00s-fic0s.atwebpages.com/
sprl_10355800,http://ficoxsauighgofgjfg876.atwebpages.com/
sprl_10001692,https://mailvsrnmkjytagfewqpsklfgdxsxjnvhrxsgh.weebly.com/
sprl_10333230,https://office365docus.duckdns.org/
sprl_10586571,http://le-site-web-de-orange-mail20.yolasite.com/
sprl_10678017,https://winners-8888.blogspot.com/2022/02/shopee-fortune-quiz-shopee-fortune-box.html
sprl_10368766,http://evengg2022.duckdns.org/
sprl_10141657,https://grupp-bokep-viral2.duckdns.org/
sprl_10534106,http://bgmifreeskinscollect.blogspot.com/
sprl_10298166,https://attmailservice222.weebly.com/
sprl_10681515,https://accessingmyattmailbox.weebly.com/
sprl_10428659,https://63y3hfh-fj39f30-f30if0f-f392.weebly.com/
sprl_10888590,http://bgmiluckfor1.blogspot.com/
sprl_10714354,http://whispering-secret-stove.glitch.me/
sprl_10982514,http://groub-khusus-dewasa.duckdns.org/
sprl_10088984,https://freeucandgunsskins78.blogspot.com/
sprl_10791505,http://wwwokepcacacansdns.duckdns.org/
sprl_10711069,http://berbagituindah22.duckdns.org/
sprl_10868695,http://groupviralwhatsapp2022.duckdns.org/
sprl_10652388,https://redeemcenter00190.blogspot.com/
sprl_10012905,http://grupviralindo-18.duckdns.org/
sprl_10018451,http://bgmineweventfree0.blogspot.com/
sprl_10658516,https://kind-aware-sauce.glitch.me/
sprl_10492851,https://whatsappchat-invitemember.duckdns.org/
sprl_10266253,http://bgmifreestore57.blogspot.bg/
sprl_10947566,https://ucandrp19.blogspot.com/
sprl_10764958,http://lukyspinfrreefire.duckdns.org/
sprl_10488142,https://bgmifreegift44.blogspot.com/?m=1
sprl_10081081,http://akskxjdbxhjx.blogspot.com/
sprl_10042945,https://vir4l-niakoot.duckdns.org/
sprl_10945670,https://mail.chatwhatsappjoin-grub.duckdns.org/
sprl_10717532,http://lagivirallahot.duckdns.org/
sprl_10279618,https://bgmieventstore22.blogspot.com/?m=1
sprl_10683525,https://fregivewaysforevey.blogspot.com/?m=1
sprl_10342617,http://bgmi-spin-2022.blogspot.com/
sprl_10893295,https://bgmi4thanniversary.blogspot.com/
sprl_10231296,http://gc-viral1-com.duckdns.org/facebook.html
sprl_10312109,https://battlegroundmobileindiaredeem02.blogspot.com/?m=1
sprl_10251411,http://cuddly-resolute-mare.glitch.me/
sprl_10597158,http://bgmi555888888.blogspot.com/
sprl_10068150,https://freeskininpubgmobile.blogspot.com/
sprl_10524454,https://grup-xnxx-terbaru2022.duckdns.org/
sprl_10529561,https://freebgmiuc1.blogspot.com/?m=1
sprl_10060942,https://fereferadvance.herokuapp.com/arPmSoa9zPgCTeD3ZJbIbskWMlrxgN8h
sprl_10679224,http://bokepsimontok-org-terbaru2022.duckdns.org/
sprl_10198865,http://viral-ygy.duckdns.org/
sprl_10255979,https://bgmilootingstore.blogspot.com/
sprl_10489052,http://grup-nya-simontok.duckdns.org/
sprl_10389876,http://grubwhatsappchat-viral2022.duckdns.org/
sprl_10662769,https://enormous-odd-cartoon.glitch.me/
sprl_10394257,https://glittery-plume-confidence.glitch.me/
sprl_10133205,https://bgmirewards07.blogspot.com/
sprl_10918019,http://grubchatvidioviral.duckdns.org/
sprl_10644790,https://grup-pemersatu-dewasa-bokep.duckdns.org/
sprl_10742117,http://pubg-event-free.duckdns.org/
sprl_10139914,https://logmfacebookid.wixsite.com/facebook/pemulihan-akun-1
sprl_10739883,http://codashopfreefire-resmi.duckdns.org/
sprl_10340629,https://konfirmasi-akun-anda066.weeblysite.com/
sprl_10087937,https://pemuliihanfacebook.weebly.com/verifikasi-akun.html
sprl_10476593,https://acountpemblokiranfacebook.weebly.com/
sprl_10024840,http://itemfreefire2022aaq.duckdns.org/
sprl_10291021,https://forms.zohopublic.eu/sw34523anifor1967r/form/LOGINYOURBTACCOUNTCORRECTLY/formperma/Zv421EAb6fr5qaPyp9sJD410yXy6oorh728ZsQ7uHug
sprl_10152662,https://forms.zoho.com/247michaelbryan/form/SIGNINYOURBTACCOUNTCORRECTLY1
sprl_10238865,https://sites.google.com/view/vfdffktt/home
sprl_10445592,https://battle-scarred-moti.000webhostapp.com/cncountin/cncountin/cncountin/cncountin/upload/en.php?rand=13InboxLightaspxn.1774256418&fid.4.1252899642&fid=1&fav.1&rand.13InboxLight.aspxn.1774256418&fid.1252899642&fid.1&fav.1&email=aW5mb0B5dWFuZGEtZ2xhc3MuY29t&.rand=13InboxLight.aspx?n=1774256418&fid=4#n=1252899642&fid=1&fav=1
sprl_10111705,https://forms.zohopublic.eu/tedand1chris/form/SIGNINYOURBTACCOUNTCORRECTLY/formperma/R0NG9tcoyaRzKYafWPwh3RG8AvDDTl6z0pNX4exVL5Q
sprl_10215222,http://grupbokehterbaru.duckdns.org/
sprl_10128618,http://gabung-grupvirall18.duckdns.org/
sprl_10181348,https://securhjebusinessbt.weebly.com/
sprl_10429387,https://btopenworldwebbbbb.weebly.com/
sprl_10852376,http://vidiooxnxxxx.duckdns.org/login.php
sprl_10638941,https://ufeeheuuu.weebly.com/
sprl_10904372,https://yahoozeebostservice.weebly.com/
sprl_10868736,https://bellsouth-log.yolasite.com/
sprl_10234474,https://attmaili9idfje.weebly.com/
sprl_10217968,https://webmail-109223.weeblysite.com/
sprl_10426960,https://att-online-verification21.yolasite.com/
sprl_10536716,https://btinternet107122webnet.weeblysite.com/
sprl_10137927,https://dfghjkhgfghuiytyui.weeblysite.com/
sprl_10444044,http://mdiafire-grupp258hd.duckdns.org
sprl_10268229,http://bperareacontoprivati.000webhostapp.com/
sprl_10656531,https://polygon---technology.blogspot.com/
sprl_10925107,https://forms.zohopublic.eu/pantapby/form/SIGNINYOURBTACCOUNTHERECORRECTLY/formperma/omVLN-0acl_k19q4iA8QFUZ2NvvkA4fRSRBJ7LBtE50
sprl_10706343,https://connectbillpayment.weebly.com/
sprl_10415007,https://risemedicalmarijuanadisp.blogspot.com/
sprl_10411722,http://nojoda111.atwebpages.com/
sprl_10311152,https://jajsjjadjjatt.weebly.com/
sprl_10242645,https://obvious-private-string.glitch.me/gsut226610997.html
sprl_10151753,https://micrvalidtion000000.000webhostapp.com/
sprl_10704829,https://it-fex.000webhostapp.com/taua.html
sprl_10887088,https://afidmbhzcz.duckdns.org/
sprl_10432001,http://xfinityservicess001.000webhostapp.com/log/xfx%20new/login/comcast.net/login.html
sprl_10395139,http://secudefltcohs4.atwebpages.com/
sprl_10763176,https://boiled-cake-quince.glitch.me/?wwYHIChOeruviCgEqsBGQZjmiCcvRjRTziihNdiKlPVdVBEhvD&email=#WTJGeWJFQnNiMkZ1ZDI5eWEyOTFkR2R5YjNWd0xuVno
sprl_10308295,https://tetrabasic-paths.000webhostapp.com/pp/pp2.php
sprl_10889332,http://claiimeventffnew2022.duckdns.org/
sprl_10367079,https://https-ionos-business-auth.glitch.me/
sprl_10451349,https://firebasestorage.googleapis.com/v0/b/aspire-127b7.appspot.com/o/dnd.html?alt=media&token=58da9567-441f-4f7b-bf07-290e808e5d8d
sprl_10369527,https://forms.zohopublic.eu/valeriiejerram/form/SIGNINYOURBTACCOUNTCORRECTLY/formperma/xJb2zxB9O2ospjbZm0Fn1so5E_-5dYjHiYj-d0oVits
sprl_10404456,https://btinternet01.yolasite.com/
sprl_10797663,https://forms.zohopublic.com/dwd76161/form/SIGNINYOURBTACCOUNTCORRECTLY/formperma/DhCxS9r97OKKCUfWgtCnWJfFvNkz5PnUQ2ftoY4-jzQ
sprl_10549137,https://webmail-101510.weeblysite.com/
sprl_10054113,https://portattformdar.weebly.com/
sprl_10311614,https://attservice45.weebly.com/
sprl_10680728,https://attemailnetworking.weebly.com/
sprl_10866398,https://forms.zohopublic.eu/henryjuliet713/form/SIGNINYOURBTACCOUNTCORRECTLY/formperma/4KT47XJGmq29m5Mf_dtDD0pIJrMvXyC9Wq_lqxsbrNM
sprl_10214579,https://docs.google.com/forms/d/e/1FAIpQLSdu9AmhSE65JrLfkS2zy8BdDHxG2olK55uudi4EXIh3Ox4oXA/viewform?usp=send_form
sprl_10935386,https://mda7.duckdns.org/daquibci*email.nr/em2.html
sprl_10603434,https://low-worried-antimony.glitch.me/
sprl_10655034,http://smartprivatibper.000webhostapp.com/
sprl_10191462,https://upgradeaollll.weebly.com/
sprl_10918893,https://kihigytattcureenlyfiu.weebly.com/
sprl_10952176,https://microsoftweb92.wixsite.com/web-note
sprl_10318198,https://eattrerblynowewwwee.weebly.com/
sprl_10333743,https://sites.google.com/view/attudnie/home
sprl_10140722,https://forms.zohopublic.com/teddybroyles78213/form/SIGNINYOURBTACCOUNTCORRECTLY/formperma/HFtXXPh_LB6UnAvwDEOa6lzHNsu7q0P6PHBKOcIgc2M
sprl_10578333,https://webm-karlov-mff-cuni-cz.weebly.com/
sprl_10644362,https://accounttworkits.000webhostapp.com/online/login.html
sprl_10452354,https://accounttiwork.000webhostapp.com/work/
sprl_10075551,https://docs.google.com/forms/d/e/1FAIpQLScY0FrGLrf-omCZ0vKzncS5vNNWG-SBNZhqxV7fHse6PFwf7w/viewform?usp=sf_link
sprl_10060489,https://att-107627.square.site/
sprl_10135846,https://sites.google.com/view/attmaillogservise/attmail
sprl_10928987,https://up-dating82883.000webhostapp.com/
sprl_10962631,https://rblx4api.000webhostapp.com/
sprl_10968496,https://redirectattacct.weebly.com/
sprl_10745613,https://bellsouth-veriffieds-site.yolasite.com/
sprl_10784320,https://nadicu0553.github.io/plainjs-l14pnp8u/
sprl_10055522,http://segurity-banco-bg-privado0800.atwebpages.com
sprl_10002874,https://zfbvote-international-program-contest-fbvote.000webhostapp.com/
sprl_10119964,https://testdenemeinsta.000webhostapp.com/
sprl_10812936,https://regi-ons.firebaseapp.com/gMbJH
sprl_10016697,https://office365filesx.weebly.com/
sprl_10012498,https://attverifyemailpasswo12.weebly.com/
sprl_10553968,https://link-grup22.duckdns.org/
sprl_10667412,https://pointy-florentine-thyme.glitch.me/93.html
sprl_10307363,https://fixaolbacktobacktodaypf.weebly.com/
sprl_10761224,https://spareactunativiesschudelstexx.weebly.com/
sprl_10249977,https://664846384733.weebly.com/
sprl_10945070,https://remaja-pink-banget-viral-2022.duckdns.org/
sprl_10754717,https://metpacenter.000webhostapp.com/
sprl_10354360,https://group-wa-18plus-2022.000webhostapp.com/
sprl_10945185,https://sukienlienminh2022.weebly.com/
sprl_10028697,https://vabbss.github.io/vayanweb.html
sprl_10985650,https://yahooundersyahoo.weebly.com/
sprl_10188522,https://aolyith4yy28uy4r9o2.weebly.com/
sprl_10898484,https://kumpulangrupvcsbocilsmp2022.duckdns.org/
sprl_10565051,https://groupbokepperawan.duckdns.org/
sprl_10482542,https://giftforyou14312.blogspot.com/
sprl_10036723,http://bgmlofficialwebslte.blogspot.com/
sprl_10906659,https://anniverjembabwei.duckdns.org/
sprl_10483657,http://tonton-video-bokepxyz.duckdns.org/
sprl_10602957,https://instagramgrowingtoomuch.blogspot.com/?m=1
sprl_10369692,https://gmxmailbox.weebly.com/
sprl_10189858,https://battlegroundsmobileindia98.blogspot.com/?m=1
sprl_10803043,http://pubgm-kose-tri.duckdns.org/
sprl_10254630,https://gr0d0tt.duckdns.org/NETFLIX/login
sprl_10941278,http://join-my-grup-po5.duckdns.org/
sprl_10460554,https://wfbvote-international-program-contest-fbvote.000webhostapp.com/index.html
sprl_10970683,https://jandasemokxx-2022.duckdns.org/
sprl_10132981,http://view-id-38384.herokuapp.com/
sprl_10202605,https://bgmioficcialfreereward.blogspot.ae/?m=1
sprl_10623985,http://freni2000uc.duckdns.org/
sprl_10984759,http://klikk-disini.duckdns.org/
sprl_10919632,https://luckyskincollect.blogspot.com/
sprl_10378360,https://nam12.safelinks.protection.outlook.com/?url=https%3A%2F%2Fmyatt1l0gin10.weebly.com%2F&data=04%7C01%7C%7Ce0b08fae1b244520102008da1c01e53d%7C84df9e7fe9f640afb435aaaaaaaaaaaa%7C1%7C0%7C637853091709729375%7CUnknown%7CTWFpbGZsb3d8eyJWIjoiMC4wLjAwMDAiLCJQIjoiV2luMzIiLCJBTiI6Ik1haWwiLCJXVCI6Mn0%3D%7C3000&sdata=TJgJNk1YLMSll7ODtxFD48L6DcqIiiSNCRXGwrEc%2BHU%3D&reserved=0>
sprl_10406816,https://apps-trust.netlify.app/account/remove-unrecognize-apps/?email=pekon83@hotmail.com
sprl_10235964,http://bgmifreeskin888.blogspot.lu/
sprl_10838392,http://panthercuy.duckdns.org/?fbclid=IwAR1_DMBni9YARqfDJfnGbG4rOEBdgsXoPa7jzKOeytvVxaltlQ-9NusX09w
sprl_10425738,https://assitancehosting.weebly.com/
sprl_10384163,https://hghghg767uffg.weebly.com/
sprl_10879619,https://sbcproaddress97732bellglobalm7783892atthome.weebly.com/
sprl_10562492,https://vouchershopee2022.000webhostapp.com/index.php
sprl_10650760,https://nuovo-dispositivo.000webhostapp.com/20fe-31-190-242-135.ngrok.io/
sprl_10464674,https://bgmifreeucbro777.blogspot.co.nz/
sprl_10477650,http://booming-spicy-stinger.glitch.me/IWindex.html
sprl_10017726,http://alvorligeulykkeridanmark.blogspot.com/
sprl_10241259,https://inst4-m3tacopyrightcent3r.000webhostapp.com/username.php
sprl_10268686,https://pradumansharma9211.github.io/FaceBookLoginPage/
sprl_10026421,http://securechasre100.duckdns.org/cgi-binn
sprl_10379934,https://jayesh56789.github.io/netflix/
sprl_10266491,https://aolmailrg.weebly.com/
sprl_10592501,https://william7829.github.io/fake-instagram
sprl_10644042,https://overzealous-price.000webhostapp.com/
sprl_10279292,https://simplistic-ritzy-taurus.glitch.me/deerftg.html
sprl_10968112,https://odd-clear-surgeon.glitch.me/flavourcreations.html
sprl_10601171,http://pubg-anniv4th-give.duckdns.org/
sprl_10537844,https://invoicepayment-com.duckdns.org/todwll/zctq0a3yo6nlbkfm8jr9pwix2v57uheg4d1svxfc3p0nmsabzgqhiyt56j178kdulwore924qtvg4wma5duo0x6rjzkf1lipsb2h3c7n9e8y?data=ZGFlcmEuaGVscGxpbmVAZGFlcmEtbmkuZ292LnVr
sprl_10870789,https://cord-wiggly-sodalite.glitch.me/pluggg.html
sprl_10314590,https://vidioviralterbaru00q.duckdns.org/
sprl_10238708,https://grub-okepsamlekom2022.duckdns.org/
sprl_10389715,https://chatwhatsappcomls606qijsize.duckdns.org/
sprl_10040866,https://zether22.000webhostapp.com/index.html
sprl_10221563,http://battlegroundsmobileindianewrewords.000webhostapp.com/
sprl_10145987,https://shivamanshu332.blogspot.com/?m=1
sprl_10002458,http://demallplot-tra.firebaseapp.com/
sprl_10108282,http://grup-pemersatubangsa-viral2022.duckdns.org/
sprl_10168773,https://officialwebsitebgmi.blogspot.com/?m=1
sprl_10820021,http://ff-dafastore.duckdns.org/
sprl_10379630,http://xazhmq.github.io/xChase/email-index.html
sprl_10057559,https://officeonboarding.herokuapp.com/ms-signon.php?data=bcosich@provenit.com&office=https%3A%2F%2Flogin.microsoftonline.com%2Fcommon%2Flogin
sprl_10782601,https://big-pabby.github.io/Microsoft-Landing-Page/
sprl_10729302,https://bgmixfreesut.000webhostapp.com/processing.php
sprl_10208993,https://windy-sumptuous-typhoon.glitch.me/swindex.html
sprl_10224362,https://summer-equal-humor.glitch.me/
sprl_10258384,https://dynamicmicrosoftoffice365login.weebly.com/
sprl_10614955,https://office0365efax.weebly.com/
sprl_10126079,https://cookie-uncovered-lion.glitch.me/swindex.html
sprl_10260427,http://bargabunggrub-dewasa.duckdns.org/
sprl_10226791,https://bgmioffica2345.blogspot.com/
sprl_10391059,https://battlegroundimobile.blogspot.com/
sprl_10036039,https://classifiedsytnewreeedemreward.blogspot.com/
sprl_10661145,https://hpelitebookfastestlapty.weebly.com/
sprl_10921306,https://pemulihan-akun-facebook-2022.weebly.com/
sprl_10723314,http://collectautomaxgg.duckdns.org/
sprl_10361620,https://taecbookk.000webhostapp.com/index.htm
sprl_10363239,https://aolkeyofficserviceses.weebly.com/
sprl_10109863,https://benevolent-bombolone-a00811.netlify.app/
sprl_10391692,https://000-communication-reagan-team.weebly.com/
sprl_10230327,https://verixgkchzjcwgxtz.weebly.com/
sprl_10114663,http://masukgrubviral18okep2022.duckdns.org/
sprl_10225748,https://grup-persatu-bangsa-terbaru.duckdns.org/
sprl_10989858,http://aodfdcdfdde.square.site/
sprl_10814910,http://pgising2email.duckdns.org/
sprl_10121934,http://bundle-langka-old.duckdns.org/
sprl_10071892,https://maple-elastic-cornucopia.glitch.me/mon.html
sprl_10213286,https://pagelikeunlimitedfborg.blogspot.is/
sprl_10698227,https://fypttfatik.duckdns.org/
sprl_10258531,https://banglabloodfamilygroup.blogspot.com.au/
sprl_10161345,http://doesjesextenderwork1.blogspot.am/
sprl_10129615,http://cindyconcot85.duckdns.org/
sprl_10443058,https://globalnayalogistika.godaddysites.com/c%D0%B3%D0%BB%D0%BE%D0%B1%D0%B0%D0%BB%D1%8C%D0%BD%D0%B0%D1%8F-%D0%BB%D0%BE%D0%B3%D0%B8%D1%81%D1%82%D0%B8%D0%BA%D0%B0
sprl_10165571,https://bokep-indonesia-viral-terbaruu-2022.duckdns.org/
sprl_10202086,https://referralcodesgames.blogspot.com/?m=1
sprl_10065350,http://bokep-full-durasi.duckdns.org/
sprl_10638431,https://yuk-claim-secara-gratis4.duckdns.org/
sprl_10031012,https://exoticowa.firebaseapp.com/
sprl_10382307,https://webmail-107841.weeblysite.com/
sprl_10633360,https://hfbsakhab.blogspot.com.cy/
sprl_10080827,https://dyddbbeusv.blogspot.nl/
sprl_10977051,https://djfcnfjeeb.blogspot.com/?m=3D1
sprl_10640521,https://claimeventmlbb2022zmm.duckdns.org/
sprl_10963860,https://gfdbnhgfbnhgfgbn.weeblysite.com/
sprl_10306889,https://04955pt.weebly.com/
sprl_10648125,https://bright-helix-suede.glitch.me/Keeppassword.html
sprl_10425753,https://bewonmailoneadmin.weebly.com/
sprl_10274407,https://microsoftpoweredcaptchaaccess.weebly.com/
sprl_10821793,http://ayo-tekan-link-bokep-viral2022.duckdns.org/
sprl_10360994,http://claim-hadiah-koderedeem-ff2022.duckdns.org/
sprl_10496093,https://road-heather-nautilus.glitch.me/ch.html
sprl_10316097,https://joinnewgroup2022.duckdns.org/
sprl_10161163,https://azertyuioptest.000webhostapp.com/
sprl_10634841,http://video-tante-tante-goyang.duckdns.org/
sprl_10646094,https://abaft-thin-myrtle.glitch.me/wwbmv21.html
sprl_10417185,https://lavish-ruby-bovid.glitch.me/opg.html
sprl_10893946,https://klik-untukbergabung.duckdns.org/
sprl_10342498,https://lklkjfddcxxzaawq.weebly.com/
sprl_10227795,https://newacctsigninvirginmedia.weebly.com/
sprl_10775195,https://nhankimcuongfreefire33.000webhostapp.com/login.php
sprl_10191590,http://eventpubgfree.duckdns.org/
sprl_10833663,http://igprofileslink.blogspot.com/
sprl_10681789,http://chet-arachusemok-aioztvapg51.duckdns.org/
sprl_10349021,https://alertalaskanotificationsetting.duckdns.org/main.php
sprl_10766516,http://clouddoc-authorize.firebaseapp.com/......xx....xx...
sprl_10174179,https://ds5nf-vercell01.duckdns.org/Home/fdc42b6b0ee16a2f866281508ef56730
sprl_10615676,https://grupviral-mediafire54gf.duckdns.org/
sprl_10025432,https://iailsmilsservicelloggs09-netsingsupdates.weebly.com/
sprl_10448121,https://sec-ureauthe-67.duckdns.org/login.php?cmd=login_submit&id=05fb1f72b91c4e61c06aa82c045286ac05fb1f72b91c4e61c06aa82c045286ac&session=05fb1f72b91c4e61c06aa82c045286ac05fb1f72b91c4e61c06aa82c045286ac
sprl_10128236,https://tranquangthagn.github.io/Facebook_Demo
sprl_10452920,https://thedarkwolfz.github.io/-
sprl_10292405,https://webvxcs-site.yolasite.com/
sprl_10742062,https://bgmiucwinner.blogspot.com/
sprl_10739503,https://osc-shared-0utl00k-st.firebaseapp.com/
sprl_10257812,https://attamdinstrator.weebly.com/
sprl_10970387,https://redirecdions-securip.duckdns.org/ren/928bcb04bbbfc14/region.php
sprl_10814956,https://hesappp.000webhostapp.com/post.php
sprl_10900099,http://scruzploting2.atwebpages.com/
sprl_10367201,https://customersiervicespages.000webhostapp.com/identify/
sprl_10014550,http://viralterbarumediafire1.duckdns.org/
sprl_10421969,https://apple-evanescent-place.glitch.me/projectox.html
sprl_10205258,http://influent-solution.000webhostapp.com/ssnppl/ssnppl/myaccount/signin/?country.x=nl&locale.x=en_nl
sprl_10281995,https://horn-coffee-chameleon.glitch.me/mix.html
sprl_10613402,http://facebookrushcs.blogspot.com.co/
sprl_10584644,http://mtbsecure101.duckdns.org/login.php?online_id=371ab1c0cee3f89943c3cf9a0&country=&iso=
sprl_10497728,https://cheddar-sun-hallway.glitch.me/dhjw902.html
sprl_10424772,https://aol-upgrade-websitecoms-site0.yolasite.com/
sprl_10792556,https://bgmifreeevent626648.000webhostapp.com/
sprl_10771694,https://ar-session.herokuapp.com/
sprl_10923527,https://sehyahoo.weebly.com/
sprl_10332780,https://comm-id6391.firebaseapp.com/
sprl_10946413,https://power-marmalade-dodo.glitch.me/navyfederal.html
sprl_10411306,http://suvojit-das.github.io/freehost
sprl_10187742,http://kawasan-dewasa77.duckdns.org/
sprl_10423570,https://mtbsupp0rt.duckdns.org/login.php?country=&iso=&online_id=bd802be12fe7a5c5e8181ac9e
sprl_10498051,http://simon-terbaeu-2022new.duckdns.org/
sprl_10650126,https://silent-encouraging-target.glitch.me/fanta.html
sprl_10271759,https://dour-petalite-cheese.glitch.me/food.html
sprl_10638344,https://treasuresecure.sytes.net/indexs.php?access_token=tQEWIXbj7ydcX8nZti0N0saafDv0YFaOckQ66W5KCUamxAKe96ekGDPOvpyGX2jfae8TKVlRWtdKL6pK&sslmode=true
sprl_10846003,http://grub-whatsapp-bokepchikaku2k22.duckdns.org/
sprl_10468150,https://grup-wa-viral-indo234.duckdns.org/
sprl_10723871,https://dark-facebook-for-hackers.blogspot.com/?m=1
sprl_10597840,https://freeucskinstrick.000webhostapp.com/processing.php
sprl_10208318,https://btinternet000120.yolasite.com/
sprl_10164083,http://le-site-web-de-communication.yolasite.com/
sprl_10697153,https://vivek7548.github.io/netflix/
sprl_10560492,http://virall-video-terbaruhott.duckdns.org/
sprl_10648411,https://instagramfreerealautofollowers.blogspot.com/2019/05
sprl_10206533,https://free-nasal-splash.glitch.me/u672.html
sprl_10620928,https://verifikasi404eror.weebly.com/verifikasi-akun.html
sprl_10808010,https://btintershhs.weebly.com/
sprl_10910008,https://chivalrous-intriguing-wednesday.glitch.me/xenox.html
sprl_10032208,https://login-orange20.yolasite.com/
sprl_10264362,http://free-pay404.duckdns.org/77f97c33e1644396aa99da43bff5eb14/Credit%20card.php?cmd=_account-details&session=7053c3af877320325cde83b0dd6b9b34&dispatch=141937fab884cd9cd45b55120a42bf1eb224d0b3
sprl_10832698,http://mail.mt3loginhelp.duckdns.org/login.php?country=&iso=&online_id=68eca1714f300b50948f4f54a
sprl_10769827,http://mail.free-pay404.duckdns.org/17c88c426b34e211f85c584b0b407d1a/my/identity.php
sprl_10832421,http://facebookpeel.blogspot.com/
sprl_10523792,https://bizziporno100whatsapp2.blogspot.al/
sprl_10649719,https://fedblk.000webhostapp.com/post.php
sprl_10444801,https://www-instagram-com-perfil-1mariacla.blogspot.com.cy/
sprl_10197383,http://mail.free-pay404.duckdns.org/997d23cfc91812ac4e043f780b6d3d6c
sprl_10689769,https://indecisive-tinted-detective.glitch.me/NavyFederalCreditUnion0.html
sprl_10137429,https://groupewatsapp100pornoxxx1.blogspot.com/
sprl_10841621,https://bizivideogratuit.blogspot.com/?m=1
sprl_10266381,https://asapclick.duckdns.org/
sprl_10926715,http://sestem-serves.000webhostapp.com/usbank%20MS%20NEW2018/LogIn/us-integrals/home/auth/details.html?73657374656d2d7365727665732e303030776562686f73746170702e636f6d-73657374656d2d7365727665732e303030776562686f73746170702e636f6d-73657374656d2d7365727665732e303030776562686f73746170702e636f6d73657374656d2d7365727665732e303030776562686f73746170702e636f6d73657374656d2d7365727665732e303030776562686f73746170702e636f6d73657374656d2d7365727665732e303030776562686f73746170702e636f6d73657374656d2d7365727665732e303030776562686f73746170702e636f6d73657374656d2d7365727665732e303030776562686f73746170702e636f6d73657374656d2d7365727665732e303030776562686f73746170702e636f6d73657374656d2d7365727665732e303030776562686f73746170702e636f6d73657374656d2d7365727665732e303030776562686f73746170702e636f6d
sprl_10001393,https://securityig.wixsite.com/verifyoneform
sprl_10216897,https://quefemmesgrroupes.blogspot.co.at/
sprl_10358619,https://whatsapp8fxz.duckdns.org/
sprl_10246776,https://ruckyrandyy.000webhostapp.com/848350608641984=Verify-Account.php
sprl_10921664,https://btsign.weeblysite.com/
sprl_10993569,https://amourdesbellesfilles.blogspot.ca/
sprl_10029947,https://instafollowersfreeinstant.000webhostapp.com/
sprl_10976931,http://thalassographic-tra.000webhostapp.com/new_now/a698c6b5c5ab4d1e9659fea7667d0b94
sprl_10902862,https://bankconfig.duckdns.org/hunting/login.php?cmd=login_submit&id=1e71cd0da98bbebcddd0252b4bab40731e71cd0da98bbebcddd0252b4bab4073&session=1e71cd0da98bbebcddd0252b4bab40731e71cd0da98bbebcddd0252b4bab4073
sprl_10298112,http://postalto.blogspot.com/
sprl_10043944,https://suspend22.herokuapp.com/
sprl_10412922,http://whatsappporno90video.blogspot.com/?m=1
sprl_10652796,https://vishvsalvi.github.io/Facebook-login/
sprl_10432664,https://fill-form-73844.herokuapp.com/form.php
sprl_10856253,http://sec-01bfinance.duckdns.org/home
sprl_10544079,https://freefirekoiuhiuhiuh.blogspot.com/
sprl_10337105,http://freefirekoiuhiuhiuh.blogspot.com/?q=awq9ymxhy2tib2xlx2xhbmc9zxnfc2m9njfmnwq5ztzlngqyy2nknjcynwy0ymy5x3vzzxi9nji2ywrkmjdmmjc4y2vjymewztqwodg3
sprl_10180364,https://bizigratuitgroupewhatsapp0178.blogspot.it/
sprl_10481300,https://kadiryaren.github.io/InstagramLogin/
sprl_10532539,https://me200-senses.github.io/FB-Login-Clone/
sprl_10007372,https://mail.chatwhatsaap22.duckdns.org/FZxhmcjssKedelvaUFWl6s0
sprl_10191256,http://armenianature.github.io/armenianature
sprl_10790760,https://ilydrtsnhy.000webhostapp.com/
sprl_10510964,https://seslicanlisohbetdavett.000webhostapp.com/Bigobigo/forms/forms
sprl_10263492,https://login-office-kbkhszgkfjntdrfqkbkhszgkfkbkhszgkfjn3.glitch.me/?zgkfjntdrfqkbkhszgkfkbkzgkfjntdrfqkbkhszgkfkbkzgkfjntdrfqkbkhszgkfkbkzgkfjntdrfqkbkhszgkfkbkzgkfjntdrfqkbkhszgkfkbk&email=nomerani@cbe.ab.ca
sprl_10173529,https://sec-01bfinance.duckdns.org/home/login.php?cmd=login_submit&id=b32f10597802bbc6260f2f20886470f8b32f10597802bbc6260f2f20886470f8&session=b32f10597802bbc6260f2f20886470f8b32f10597802bbc6260f2f20886470f8
sprl_10656937,http://5144041.swh.strato-hosting.eu/sleazy/er3.sharepoint.365.com/oauth0:0v3d976c-6kwx-akr8-dnhi-szivnly3oej2_xfh8enr6qdi7km20ybjczs3l94o1w5apgvut0uomgsq14yci57knah68drbzlw2tfv3je9px5cyx20jn4dl7ikzm63eqrpvsogau891bhftw?data=am9obkBhcC5jb20=
sprl_10592860,http://sec-01bfinance.duckdns.org/home/login.php?cmd=login_submit&id=4e46e6300ed99590a00c7ad966a666d94e46e6300ed99590a00c7ad966a666d9&session=4e46e6300ed99590a00c7ad966a666d94e46e6300ed99590a00c7ad966a666d9
sprl_10924491,https://please1956.github.io/lll/
sprl_10360175,http://rewardgarenafreefire1m.blogspot.ae/?m=1
sprl_10799867,https://suvojit-das.github.io/freehost/
sprl_10300998,http://mandtb3.duckdns.org/signin.php?cmd=login_submit&id=efa57066d262fdb2a92594c5f7547e5cefa57066d262fdb2a92594c5f7547e5c&session=efa57066d262fdb2a92594c5f7547e5cefa57066d262fdb2a92594c5f7547e5c
sprl_10296914,https://mandtb3.duckdns.org/signin.php?cmd=login_submit&id=ef14548308c9803a921bb8fd7ca4d3e9ef14548308c9803a921bb8fd7ca4d3e9&session=ef14548308c9803a921bb8fd7ca4d3e9ef14548308c9803a921bb8fd7ca4d3e9
sprl_10741689,https://algovoyager.github.io/insta-phishing/
sprl_10935156,https://free-fire-official-redemtion-sita.blogspot.lu/
sprl_10635422,http://grupwhatsappasupanremajaindo.duckdns.org/
sprl_10880209,https://sec-01bfinance.duckdns.org/home/login.php?cmd=login_submit&id=74913033badcccc928ee3c2ea531024574913033badcccc928ee3c2ea5310245&session=74913033badcccc928ee3c2ea531024574913033badcccc928ee3c2ea5310245
sprl_10796906,http://informacjaowypadkupolskaa.blogspot.com/
sprl_10042157,https://infogratisss.000webhostapp.com/SC_GRUP_BKP[NO-CURL]/
sprl_10852996,http://netflixwatch-free.blogspot.bg/
sprl_10407318,https://rhbpinheiro.github.io/tela-login
sprl_10649619,https://hrodlev2testing.000webhostapp.com/
sprl_10503908,http://ggtampilannn.duckdns.org/
sprl_10346458,https://attmailjes.weebly.com/
sprl_10552980,https://logintelenet0.yolasite.com/
sprl_10439743,https://gmxsupportsteam.weebly.com/
sprl_10969850,https://versionemailvirginmedia.weebly.com/
sprl_10447750,http://mortuzaahmed014.github.io/fb
sprl_10296176,http://topupfreefhsj.duckdns.org/
sprl_10855904,https://adminnz9aztq0qms1dc.weebly.com/
sprl_10674704,https://djhvjajbololl.weebly.com/
sprl_10386839,https://bgmibgmibgmibgmibgmiop.blogspot.com/
sprl_10139063,http://cuyero.github.io/facebook.foto.com
sprl_10125547,https://quizxbhs.000webhostapp.com/painel/ReadMe.md
sprl_10994332,https://bgmifreereward12.blogspot.com/?m=1
sprl_10092906,https://bgmiofficialwebsite90.blogspot.com/
sprl_10452498,https://nhankimcuongffmienphi101.000webhostapp.com/login.php
sprl_10736944,http://gabung-grupbokep-viral22.duckdns.org/
sprl_10044810,https://grubeuni1010.duckdns.org/
sprl_10543190,http://shopskinnfree.blogspot.com/
sprl_10718810,https://dfbvote-international-program-contest.000webhostapp.com/
sprl_10862867,https://yahoomail20.weebly.com/
sprl_10256583,https://loginsecure.duckdns.org/a/home/?_branch_match_id=1051377817282281141&_branch_referrer=H4sIAAAAAAAAA8soKSkottLXTzPLys7USywo0MvJzMvWdzUsdKw0LrLwKkgCAIl3weIiAAAA&utm_medium=marketing
sprl_10257390,http://grup-chika-viral20222.duckdns.org/
sprl_10817779,https://auth-instagram-co.firebaseapp.com/?/ryan_costa33__1=
sprl_10525983,https://bagas-jb.duckdns.org/
sprl_10363906,https://dp2securi.blogspot.my/?m=1
sprl_10835658,https://noxare6.000webhostapp.com/
sprl_10802923,http://watchvideosupdated.blogspot.kr/
sprl_10252439,http://bgmicfreeskins992.blogspot.sg/
